GeoId,Entity,Year,Month,CasesxMill,DeathsxMill,Population
AD,Andorra,2020,3,4857.11,105.02,76177.0
AD,Andorra,2020,4,4896.49,446.33,76177.0
AD,Andorra,2020,5,275.67,118.15,76177.0
AD,Andorra,2020,6,1194.59,13.13,76177.0
AD,Andorra,2020,7,879.53,0.0,76177.0
AD,Andorra,2020,8,2651.72,13.13,76177.0
AD,Andorra,2020,9,11053.21,0.0,76177.0
AD,Andorra,2020,10,35430.64,288.8,76177.0
AD,Andorra,2020,11,26871.63,13.13,76177.0
AD,Andorra,2020,12,8217.7,39.38,76177.0
AE,United_Arab_Emirates,2020,1,0.41,0.0,9770526.0
AE,United_Arab_Emirates,2020,2,1.74,0.0,9770526.0
AE,United_Arab_Emirates,2020,3,60.39,0.51,9770526.0
AE,United_Arab_Emirates,2020,4,1158.38,9.52,9770526.0
AE,United_Arab_Emirates,2020,5,2248.29,16.79,9770526.0
AE,United_Arab_Emirates,2020,6,1468.7,5.32,9770526.0
AE,United_Arab_Emirates,2020,7,1254.79,3.79,9770526.0
AE,United_Arab_Emirates,2020,8,939.97,3.17,9770526.0
AE,United_Arab_Emirates,2020,9,2394.96,3.48,9770526.0
AE,United_Arab_Emirates,2020,10,3932.03,7.57,9770526.0
AE,United_Arab_Emirates,2020,11,3709.63,8.19,9770526.0
AE,United_Arab_Emirates,2020,12,1759.99,4.81,9770526.0
AF,Afghanistan,2020,1,0.0,0.0,38041757.0
AF,Afghanistan,2020,2,0.03,0.0,38041757.0
AF,Afghanistan,2020,3,3.68,0.11,38041757.0
AF,Afghanistan,2020,4,47.53,1.47,38041757.0
AF,Afghanistan,2020,5,330.58,4.97,38041757.0
AF,Afghanistan,2020,6,439.33,12.72,38041757.0
AF,Afghanistan,2020,7,139.43,14.14,38041757.0
AF,Afghanistan,2020,8,42.58,3.44,38041757.0
AF,Afghanistan,2020,9,28.71,1.47,38041757.0
AF,Afghanistan,2020,10,57.07,2.05,38041757.0
AF,Afghanistan,2020,11,116.16,5.97,38041757.0
AF,Afghanistan,2020,12,90.14,5.47,38041757.0
AG,Antigua_and_Barbuda,2020,3,72.08,0.0,97115.0
AG,Antigua_and_Barbuda,2020,4,175.05,30.89,97115.0
AG,Antigua_and_Barbuda,2020,5,10.3,0.0,97115.0
AG,Antigua_and_Barbuda,2020,6,422.18,0.0,97115.0
AG,Antigua_and_Barbuda,2020,7,257.43,0.0,97115.0
AG,Antigua_and_Barbuda,2020,8,30.89,0.0,97115.0
AG,Antigua_and_Barbuda,2020,9,72.08,0.0,97115.0
AG,Antigua_and_Barbuda,2020,10,267.72,0.0,97115.0
AG,Antigua_and_Barbuda,2020,11,144.16,10.3,97115.0
AG,Antigua_and_Barbuda,2020,12,72.08,0.0,97115.0
AI,Anguilla,2020,3,134.48,0.0,14872.0
AI,Anguilla,2020,4,67.24,0.0,14872.0
AI,Anguilla,2020,5,0.0,0.0,14872.0
AI,Anguilla,2020,6,0.0,0.0,14872.0
AI,Anguilla,2020,7,0.0,0.0,14872.0
AI,Anguilla,2020,8,0.0,0.0,14872.0
AI,Anguilla,2020,9,0.0,0.0,14872.0
AI,Anguilla,2020,10,0.0,0.0,14872.0
AI,Anguilla,2020,11,67.24,0.0,14872.0
AI,Anguilla,2020,12,403.44,0.0,14872.0
AL,Albania,2020,3,77.91,4.19,2862427.0
AL,Albania,2020,4,189.7,6.64,2862427.0
AL,Albania,2020,5,124.37,0.7,2862427.0
AL,Albania,2020,6,469.53,8.73,2862427.0
AL,Albania,2020,7,954.09,33.54,2862427.0
AL,Albania,2020,8,1461.35,44.02,2862427.0
AL,Albania,2020,9,1445.63,36.33,2862427.0
AL,Albania,2020,10,2486.0,41.22,2862427.0
AL,Albania,2020,11,5935.87,103.41,2862427.0
AL,Albania,2020,12,3809.7,71.62,2862427.0
AM,Armenia,2020,1,0.0,0.0,2957728.0
AM,Armenia,2020,2,0.0,0.0,2957728.0
AM,Armenia,2020,3,179.87,1.01,2957728.0
AM,Armenia,2020,4,518.64,9.8,2957728.0
AM,Armenia,2020,5,2439.71,33.47,2957728.0
AM,Armenia,2020,6,5497.46,105.49,2957728.0
AM,Armenia,2020,7,4397.97,99.74,2957728.0
AM,Armenia,2020,8,1758.11,47.0,2957728.0
AM,Armenia,2020,9,2079.64,27.39,2957728.0
AM,Armenia,2020,10,13494.14,129.49,2957728.0
AM,Armenia,2020,11,15319.53,278.25,2957728.0
AM,Armenia,2020,12,4583.92,114.62,2957728.0
AO,Angola,2020,3,0.22,0.06,31825299.0
AO,Angola,2020,4,0.63,0.0,31825299.0
AO,Angola,2020,5,1.79,0.06,31825299.0
AO,Angola,2020,6,6.03,0.22,31825299.0
AO,Angola,2020,7,25.2,1.16,31825299.0
AO,Angola,2020,8,48.58,1.85,31825299.0
AO,Angola,2020,9,71.67,2.26,31825299.0
AO,Angola,2020,10,168.55,3.02,31825299.0
AO,Angola,2020,11,151.89,2.23,31825299.0
AO,Angola,2020,12,34.09,0.79,31825299.0
AR,Argentina,2020,3,21.57,0.54,44780675.0
AR,Argentina,2020,4,73.83,4.24,44780675.0
AR,Argentina,2020,5,266.39,7.01,44780675.0
AR,Argentina,2020,6,1028.43,16.79,44780675.0
AR,Argentina,2020,7,2606.66,45.35,44780675.0
AR,Argentina,2020,8,4962.92,113.67,44780675.0
AR,Argentina,2020,9,7489.17,181.28,44780675.0
AR,Argentina,2020,10,9391.77,318.73,44780675.0
AR,Argentina,2020,11,5842.43,171.52,44780675.0
AR,Argentina,2020,12,1772.33,51.21,44780675.0
AT,Austria,2020,1,0.0,0.0,8858775.0
AT,Austria,2020,2,0.79,0.0,8858775.0
AT,Austria,2020,3,1084.91,12.19,8858775.0
AT,Austria,2020,4,648.62,53.28,8858775.0
AT,Austria,2020,5,143.81,9.93,8858775.0
AT,Austria,2020,6,116.04,3.95,8858775.0
AT,Austria,2020,7,377.37,1.69,8858775.0
AT,Austria,2020,8,700.89,1.69,8858775.0
AT,Austria,2020,9,1962.91,7.11,8858775.0
AT,Austria,2020,10,6415.79,31.95,8858775.0
AT,Austria,2020,11,19950.73,206.01,8858775.0
AT,Austria,2020,12,4724.58,168.87,8858775.0
AU,Australia,2020,1,0.28,0.0,25203200.0
AU,Australia,2020,2,0.71,0.0,25203200.0
AU,Australia,2020,3,179.82,0.75,25203200.0
AU,Australia,2020,4,86.85,2.82,25203200.0
AU,Australia,2020,5,17.42,0.48,25203200.0
AU,Australia,2020,6,23.09,0.08,25203200.0
AU,Australia,2020,7,338.69,3.37,25203200.0
AU,Australia,2020,8,371.66,16.74,25203200.0
AU,Australia,2020,9,55.27,10.75,25203200.0
AU,Australia,2020,10,20.59,0.99,25203200.0
AU,Australia,2020,11,12.34,0.0,25203200.0
AU,Australia,2020,12,5.48,0.04,25203200.0
AW,Aruba,2020,3,470.32,0.0,106310.0
AW,Aruba,2020,4,470.32,18.81,106310.0
AW,Aruba,2020,5,9.41,9.41,106310.0
AW,Aruba,2020,6,18.81,0.0,106310.0
AW,Aruba,2020,7,159.91,0.0,106310.0
AW,Aruba,2020,8,17655.91,65.85,106310.0
AW,Aruba,2020,9,18220.3,150.5,106310.0
AW,Aruba,2020,10,5060.67,103.47,106310.0
AW,Aruba,2020,11,3442.76,75.25,106310.0
AW,Aruba,2020,12,1984.76,9.41,106310.0
AZ,Azerbaijan,2020,1,0.0,0.0,10047719.0
AZ,Azerbaijan,2020,2,0.1,0.0,10047719.0
AZ,Azerbaijan,2020,3,27.07,0.4,10047719.0
AZ,Azerbaijan,2020,4,148.59,1.89,10047719.0
AZ,Azerbaijan,2020,5,346.35,3.78,10047719.0
AZ,Azerbaijan,2020,6,1166.63,14.43,10047719.0
AZ,Azerbaijan,2020,7,1452.27,23.39,10047719.0
AZ,Azerbaijan,2020,8,472.64,8.96,10047719.0
AZ,Azerbaijan,2020,9,379.19,5.87,10047719.0
AZ,Azerbaijan,2020,10,1398.82,12.74,10047719.0
AZ,Azerbaijan,2020,11,6371.69,63.99,10047719.0
AZ,Azerbaijan,2020,12,5740.51,55.83,10047719.0
BA,Bosnia_and_Herzegovina,2020,3,106.94,2.42,3300998.0
BA,Bosnia_and_Herzegovina,2020,4,404.73,16.96,3300998.0
BA,Bosnia_and_Herzegovina,2020,5,243.56,26.66,3300998.0
BA,Bosnia_and_Herzegovina,2020,6,560.44,9.39,3300998.0
BA,Bosnia_and_Herzegovina,2020,7,2151.17,43.93,3300998.0
BA,Bosnia_and_Herzegovina,2020,8,2528.02,79.98,3300998.0
BA,Bosnia_and_Herzegovina,2020,9,2251.74,73.92,3300998.0
BA,Bosnia_and_Herzegovina,2020,10,6340.81,113.9,3300998.0
BA,Bosnia_and_Herzegovina,2020,11,11881.56,426.54,3300998.0
BA,Bosnia_and_Herzegovina,2020,12,4163.29,216.9,3300998.0
BB,Barbados,2020,3,118.46,0.0,287021.0
BB,Barbados,2020,4,160.27,24.39,287021.0
BB,Barbados,2020,5,41.81,0.0,287021.0
BB,Barbados,2020,6,17.42,0.0,287021.0
BB,Barbados,2020,7,45.29,0.0,287021.0
BB,Barbados,2020,8,219.5,0.0,287021.0
BB,Barbados,2020,9,59.23,0.0,287021.0
BB,Barbados,2020,10,160.27,0.0,287021.0
BB,Barbados,2020,11,135.88,0.0,287021.0
BB,Barbados,2020,12,59.23,0.0,287021.0
BD,Bangladesh,2020,3,0.3,0.03,163046173.0
BD,Bangladesh,2020,4,43.26,0.97,163046173.0
BD,Bangladesh,2020,5,230.03,2.74,163046173.0
BD,Bangladesh,2020,6,596.11,7.19,163046173.0
BD,Bangladesh,2020,7,570.93,7.97,163046173.0
BD,Bangladesh,2020,8,465.71,7.15,163046173.0
BD,Bangladesh,2020,9,314.15,5.96,163046173.0
BD,Bangladesh,2020,10,271.83,4.21,163046173.0
BD,Bangladesh,2020,11,343.72,4.32,163046173.0
BD,Bangladesh,2020,12,172.5,2.72,163046173.0
BE,Belgium,2020,1,0.0,0.0,11455519.0
BE,Belgium,2020,2,0.09,0.0,11455519.0
BE,Belgium,2020,3,1335.86,102.13,11455519.0
BE,Belgium,2020,4,3026.14,576.93,11455519.0
BE,Belgium,2020,5,783.73,137.58,11455519.0
BE,Belgium,2020,6,259.44,24.27,11455519.0
BE,Belgium,2020,7,672.69,6.9,11455519.0
BE,Belgium,2020,8,1380.64,16.15,11455519.0
BE,Belgium,2020,9,3227.27,10.91,11455519.0
BE,Belgium,2020,10,27936.14,144.65,11455519.0
BE,Belgium,2020,11,11819.28,443.11,11455519.0
BE,Belgium,2020,12,2633.67,104.4,11455519.0
BF,Burkina_Faso,2020,3,10.92,0.59,20321383.0
BF,Burkina_Faso,2020,4,20.62,1.53,20321383.0
BF,Burkina_Faso,2020,5,10.43,0.49,20321383.0
BF,Burkina_Faso,2020,6,5.22,0.0,20321383.0
BF,Burkina_Faso,2020,7,7.78,0.0,20321383.0
BF,Burkina_Faso,2020,8,12.35,0.1,20321383.0
BF,Burkina_Faso,2020,9,32.67,0.15,20321383.0
BF,Burkina_Faso,2020,10,21.9,0.44,20321383.0
BF,Burkina_Faso,2020,11,18.65,0.05,20321383.0
BF,Burkina_Faso,2020,12,57.77,0.15,20321383.0
BG,Bulgaria,2020,3,51.29,1.14,7000039.0
BG,Bulgaria,2020,4,155.43,8.0,7000039.0
BG,Bulgaria,2020,5,152.28,10.86,7000039.0
BG,Bulgaria,2020,6,331.14,11.86,7000039.0
BG,Bulgaria,2020,7,941.28,21.57,7000039.0
BG,Bulgaria,2020,8,681.42,34.14,7000039.0
BG,Bulgaria,2020,9,622.43,28.71,7000039.0
BG,Bulgaria,2020,10,4356.26,62.86,7000039.0
BG,Bulgaria,2020,11,13063.5,365.71,7000039.0
BG,Bulgaria,2020,12,5280.4,267.71,7000039.0
BH,Bahrain,2020,1,0.0,0.0,1641164.0
BH,Bahrain,2020,2,23.15,0.0,1641164.0
BH,Bahrain,2020,3,290.65,2.44,1641164.0
BH,Bahrain,2020,4,1466.03,2.44,1641164.0
BH,Bahrain,2020,5,4796.6,5.48,1641164.0
BH,Bahrain,2020,6,9411.61,40.82,1641164.0
BH,Bahrain,2020,7,8844.94,37.78,1641164.0
BH,Bahrain,2020,8,6592.27,26.2,1641164.0
BH,Bahrain,2020,9,11484.53,34.73,1641164.0
BH,Bahrain,2020,10,6729.37,44.48,1641164.0
BH,Bahrain,2020,11,3242.21,13.41,1641164.0
BH,Bahrain,2020,12,1435.57,4.27,1641164.0
BI,Burundi,2020,4,1.3,0.09,11530577.0
BI,Burundi,2020,5,2.34,0.0,11530577.0
BI,Burundi,2020,6,11.1,0.0,11530577.0
BI,Burundi,2020,7,18.82,0.0,11530577.0
BI,Burundi,2020,8,5.03,0.0,11530577.0
BI,Burundi,2020,9,5.29,0.0,11530577.0
BI,Burundi,2020,10,6.59,0.0,11530577.0
BI,Burundi,2020,11,8.59,0.0,11530577.0
BI,Burundi,2020,12,4.16,0.0,11530577.0
BJ,Benin,2020,3,0.51,0.0,11801151.0
BJ,Benin,2020,4,5.34,0.17,11801151.0
BJ,Benin,2020,5,13.81,0.08,11801151.0
BJ,Benin,2020,6,80.92,1.36,11801151.0
BJ,Benin,2020,7,49.4,1.36,11801151.0
BJ,Benin,2020,8,31.78,0.42,11801151.0
BJ,Benin,2020,9,16.52,0.0,11801151.0
BJ,Benin,2020,10,25.68,0.08,11801151.0
BJ,Benin,2020,11,28.05,0.17,11801151.0
BJ,Benin,2020,12,9.83,0.08,11801151.0
BM,Bermuda,2020,3,431.94,0.0,62508.0
BM,Bermuda,2020,4,1343.83,95.99,62508.0
BM,Bermuda,2020,5,463.94,47.99,62508.0
BM,Bermuda,2020,6,95.99,0.0,62508.0
BM,Bermuda,2020,7,159.98,0.0,62508.0
BM,Bermuda,2020,8,207.97,0.0,62508.0
BM,Bermuda,2020,9,191.98,0.0,62508.0
BM,Bermuda,2020,10,287.96,0.0,62508.0
BM,Bermuda,2020,11,831.89,0.0,62508.0
BM,Bermuda,2020,12,2879.63,0.0,62508.0
BN,Brunei_Darussalam,2020,3,293.1,2.31,433296.0
BN,Brunei_Darussalam,2020,4,25.39,0.0,433296.0
BN,Brunei_Darussalam,2020,5,6.92,2.31,433296.0
BN,Brunei_Darussalam,2020,6,0.0,2.31,433296.0
BN,Brunei_Darussalam,2020,7,0.0,0.0,433296.0
BN,Brunei_Darussalam,2020,8,6.92,0.0,433296.0
BN,Brunei_Darussalam,2020,9,4.62,0.0,433296.0
BN,Brunei_Darussalam,2020,10,4.62,0.0,433296.0
BN,Brunei_Darussalam,2020,11,4.62,0.0,433296.0
BN,Brunei_Darussalam,2020,12,4.62,0.0,433296.0
BO,Bolivia,2020,3,9.29,0.52,11513102.0
BO,Bolivia,2020,4,87.12,4.6,11513102.0
BO,Bolivia,2020,5,736.73,21.8,11513102.0
BO,Bolivia,2020,6,1957.16,66.1,11513102.0
BO,Bolivia,2020,7,3744.34,158.34,11513102.0
BO,Bolivia,2020,8,3538.06,179.97,11513102.0
BO,Bolivia,2020,9,1621.89,257.53,11513102.0
BO,Bolivia,2020,10,607.13,68.1,11513102.0
BO,Bolivia,2020,11,259.79,20.59,11513102.0
BO,Bolivia,2020,12,219.58,5.73,11513102.0
BQ,"Bonaire, Saint Eustatius and Saba",2020,4,230.92,0.0,25983.0
BQ,"Bonaire, Saint Eustatius and Saba",2020,5,38.49,0.0,25983.0
BQ,"Bonaire, Saint Eustatius and Saba",2020,6,0.0,0.0,25983.0
BQ,"Bonaire, Saint Eustatius and Saba",2020,7,153.95,0.0,25983.0
BQ,"Bonaire, Saint Eustatius and Saba",2020,8,153.95,0.0,25983.0
BQ,"Bonaire, Saint Eustatius and Saba",2020,9,3502.29,38.49,25983.0
BQ,"Bonaire, Saint Eustatius and Saba",2020,10,1808.88,76.97,25983.0
BQ,"Bonaire, Saint Eustatius and Saba",2020,11,307.89,0.0,25983.0
BQ,"Bonaire, Saint Eustatius and Saba",2020,12,461.84,0.0,25983.0
BR,Brazil,2020,1,0.0,0.0,211049519.0
BR,Brazil,2020,2,0.0,0.0,211049519.0
BR,Brazil,2020,3,21.69,0.75,211049519.0
BR,Brazil,2020,4,348.65,25.15,211049519.0
BR,Brazil,2020,5,1991.37,110.72,211049519.0
BR,Brazil,2020,6,4121.09,139.68,211049519.0
BR,Brazil,2020,7,5884.43,156.12,211049519.0
BR,Brazil,2020,8,5933.25,140.09,211049519.0
BR,Brazil,2020,9,4336.48,104.68,211049519.0
BR,Brazil,2020,10,3502.19,78.45,211049519.0
BR,Brazil,2020,11,3781.49,63.28,211049519.0
BR,Brazil,2020,12,2782.34,40.6,211049519.0
BS,Bahamas,2020,3,35.94,0.0,389486.0
BS,Bahamas,2020,4,169.45,28.24,389486.0
BS,Bahamas,2020,5,56.48,0.0,389486.0
BS,Bahamas,2020,6,5.13,0.0,389486.0
BS,Bahamas,2020,7,1037.26,7.7,389486.0
BS,Bahamas,2020,8,4259.46,74.46,389486.0
BS,Bahamas,2020,9,4457.16,123.24,389486.0
BS,Bahamas,2020,10,7037.48,130.94,389486.0
BS,Bahamas,2020,11,2187.5,53.92,389486.0
BS,Bahamas,2020,12,457.01,0.0,389486.0
BT,Bhutan,2020,3,5.24,0.0,763094.0
BT,Bhutan,2020,4,3.93,0.0,763094.0
BT,Bhutan,2020,5,47.18,0.0,763094.0
BT,Bhutan,2020,6,44.56,0.0,763094.0
BT,Bhutan,2020,7,31.45,0.0,763094.0
BT,Bhutan,2020,8,161.19,0.0,763094.0
BT,Bhutan,2020,9,74.7,0.0,763094.0
BT,Bhutan,2020,10,87.8,0.0,763094.0
BT,Bhutan,2020,11,62.9,0.0,763094.0
BT,Bhutan,2020,12,55.04,0.0,763094.0
BW,Botswana,2020,4,9.98,0.43,2303703.0
BW,Botswana,2020,5,5.21,0.0,2303703.0
BW,Botswana,2020,6,60.77,0.0,2303703.0
BW,Botswana,2020,7,273.04,0.43,2303703.0
BW,Botswana,2020,8,359.86,1.74,2303703.0
BW,Botswana,2020,9,668.05,4.34,2303703.0
BW,Botswana,2020,10,1506.27,3.47,2303703.0
BW,Botswana,2020,11,1454.18,3.04,2303703.0
BW,Botswana,2020,12,1089.12,2.6,2303703.0
BY,Belarus,2020,1,0.0,0.0,9452409.0
BY,Belarus,2020,2,0.11,0.0,9452409.0
BY,Belarus,2020,3,11.0,0.0,9452409.0
BY,Belarus,2020,4,1383.35,8.89,9452409.0
BY,Belarus,2020,5,3012.67,15.34,9452409.0
BY,Belarus,2020,6,2129.83,16.72,9452409.0
BY,Belarus,2020,7,621.53,17.56,9452409.0
BY,Belarus,2020,8,425.5,13.01,9452409.0
BY,Belarus,2020,9,695.38,16.08,9452409.0
BY,Belarus,2020,10,2035.35,15.76,9452409.0
BY,Belarus,2020,11,3968.19,18.41,9452409.0
BY,Belarus,2020,12,2675.19,11.85,9452409.0
BZ,Belize,2020,3,7.69,0.0,390351.0
BZ,Belize,2020,4,38.43,5.12,390351.0
BZ,Belize,2020,5,0.0,0.0,390351.0
BZ,Belize,2020,6,15.37,0.0,390351.0
BZ,Belize,2020,7,61.48,0.0,390351.0
BZ,Belize,2020,8,2423.46,28.18,390351.0
BZ,Belize,2020,9,2431.15,33.3,390351.0
BZ,Belize,2020,10,3891.37,81.98,390351.0
BZ,Belize,2020,11,5843.46,228.0,390351.0
BZ,Belize,2020,12,9099.5,122.97,390351.0
CA,Canada,2020,1,0.08,0.0,37411038.0
CA,Canada,2020,2,0.35,0.0,37411038.0
CA,Canada,2020,3,198.02,2.38,37411038.0
CA,Canada,2020,4,1180.48,77.7,37411038.0
CA,Canada,2020,5,1031.57,108.98,37411038.0
CA,Canada,2020,6,366.95,39.91,37411038.0
CA,Canada,2020,7,317.5,9.7,37411038.0
CA,Canada,2020,8,324.9,5.03,37411038.0
CA,Canada,2020,9,775.73,4.65,37411038.0
CA,Canada,2020,10,2005.77,21.89,37411038.0
CA,Canada,2020,11,3696.21,51.38,37411038.0
CA,Canada,2020,12,2418.14,37.4,37411038.0
CD,Democratic_Republic_of_the_Congo,2020,3,1.13,0.09,86790568.0
CD,Democratic_Republic_of_the_Congo,2020,4,4.63,0.27,86790568.0
CD,Democratic_Republic_of_the_Congo,2020,5,28.41,0.44,86790568.0
CD,Democratic_Republic_of_the_Congo,2020,6,45.78,1.13,86790568.0
CD,Democratic_Republic_of_the_Congo,2020,7,23.86,0.54,86790568.0
CD,Democratic_Republic_of_the_Congo,2020,8,11.91,0.5,86790568.0
CD,Democratic_Republic_of_the_Congo,2020,9,6.75,0.16,86790568.0
CD,Democratic_Republic_of_the_Congo,2020,10,7.78,0.4,86790568.0
CD,Democratic_Republic_of_the_Congo,2020,11,16.08,0.3,86790568.0
CD,Democratic_Republic_of_the_Congo,2020,12,20.87,0.27,86790568.0
CF,Central_African_Republic,2020,3,1.26,0.0,4745179.0
CF,Central_African_Republic,2020,4,9.27,0.0,4745179.0
CF,Central_African_Republic,2020,5,192.2,0.21,4745179.0
CF,Central_African_Republic,2020,6,558.67,9.69,4745179.0
CF,Central_African_Republic,2020,7,209.05,2.53,4745179.0
CF,Central_African_Republic,2020,8,20.02,0.42,4745179.0
CF,Central_African_Republic,2020,9,26.34,0.21,4745179.0
CF,Central_African_Republic,2020,10,8.64,0.0,4745179.0
CF,Central_African_Republic,2020,11,9.9,0.21,4745179.0
CF,Central_African_Republic,2020,12,4.85,0.0,4745179.0
CG,Congo,2020,3,3.53,0.0,5380504.0
CG,Congo,2020,4,37.36,1.67,5380504.0
CG,Congo,2020,5,68.21,1.86,5380504.0
CG,Congo,2020,6,122.29,3.9,5380504.0
CG,Congo,2020,7,396.06,2.97,5380504.0
CG,Congo,2020,8,112.07,4.09,5380504.0
CG,Congo,2020,9,206.3,2.04,5380504.0
CG,Congo,2020,10,37.36,0.56,5380504.0
CG,Congo,2020,11,89.95,0.37,5380504.0
CG,Congo,2020,12,51.11,0.93,5380504.0
CH,Switzerland,2020,1,0.0,0.0,8544527.0
CH,Switzerland,2020,2,1.4,0.0,8544527.0
CH,Switzerland,2020,3,1802.32,34.53,8544527.0
CH,Switzerland,2020,4,1628.18,130.14,8544527.0
CH,Switzerland,2020,5,168.29,29.14,8544527.0
CH,Switzerland,2020,6,94.45,2.93,8544527.0
CH,Switzerland,2020,7,393.7,2.57,8544527.0
CH,Switzerland,2020,8,816.08,2.46,8544527.0
CH,Switzerland,2020,9,1269.23,6.67,8544527.0
CH,Switzerland,2020,10,11817.74,29.73,8544527.0
CH,Switzerland,2020,11,19110.36,257.59,8544527.0
CH,Switzerland,2020,12,6473.38,133.65,8544527.0
CI,Cote_dIvoire,2020,3,6.53,0.04,25716554.0
CI,Cote_dIvoire,2020,4,41.61,0.51,25716554.0
CI,Cote_dIvoire,2020,5,60.7,0.74,25716554.0
CI,Cote_dIvoire,2020,6,249.45,1.28,25716554.0
CI,Cote_dIvoire,2020,7,263.02,1.32,25716554.0
CI,Cote_dIvoire,2020,8,76.6,0.58,25716554.0
CI,Cote_dIvoire,2020,9,66.92,0.19,25716554.0
CI,Cote_dIvoire,2020,10,39.78,0.16,25716554.0
CI,Cote_dIvoire,2020,11,24.03,0.27,25716554.0
CI,Cote_dIvoire,2020,12,14.39,0.08,25716554.0
CL,Chile,2020,3,129.22,0.42,18952035.0
CL,Chile,2020,4,656.18,10.98,18952035.0
CL,Chile,2020,5,4219.76,41.21,18952035.0
CL,Chile,2020,6,9557.87,241.56,18952035.0
CL,Chile,2020,7,4091.22,200.61,18952035.0
CL,Chile,2020,8,2977.94,98.51,18952035.0
CL,Chile,2020,9,2708.21,78.14,18952035.0
CL,Chile,2020,10,2494.24,75.61,18952035.0
CL,Chile,2020,11,2208.68,63.21,18952035.0
CL,Chile,2020,12,1133.86,27.97,18952035.0
CM,Cameroon,2020,3,5.49,0.08,25876387.0
CM,Cameroon,2020,4,65.31,2.28,25876387.0
CM,Cameroon,2020,5,157.36,5.02,25876387.0
CM,Cameroon,2020,6,258.46,4.71,25876387.0
CM,Cameroon,2020,7,180.2,2.86,25876387.0
CM,Cameroon,2020,8,72.92,0.93,25876387.0
CM,Cameroon,2020,9,65.54,0.27,25876387.0
CM,Cameroon,2020,10,36.91,0.31,25876387.0
CM,Cameroon,2020,11,89.81,0.43,25876387.0
CM,Cameroon,2020,12,39.65,0.23,25876387.0
CN,China,2020,1,6.76,0.15,1433783692.0
CN,China,2020,2,48.57,1.83,1433783692.0
CN,China,2020,3,2.01,0.33,1433783692.0
CN,China,2020,4,1.19,0.93,1433783692.0
CN,China,2020,5,0.13,0.0,1433783692.0
CN,China,2020,6,0.45,0.0,1433783692.0
CN,China,2020,7,1.89,0.01,1433783692.0
CN,China,2020,8,1.68,0.04,1433783692.0
CN,China,2020,9,0.44,0.01,1433783692.0
CN,China,2020,10,0.54,0.0,1433783692.0
CN,China,2020,11,0.36,0.0,1433783692.0
CN,China,2020,12,0.14,0.0,1433783692.0
CO,Colombia,2020,3,15.85,0.28,50339443.0
CO,Colombia,2020,4,107.53,5.24,50339443.0
CO,Colombia,2020,5,437.53,12.16,50339443.0
CO,Colombia,2020,6,1327.13,46.35,50339443.0
CO,Colombia,2020,7,3793.78,130.85,50339443.0
CO,Colombia,2020,8,6394.95,189.79,50339443.0
CO,Colombia,2020,9,4292.94,128.41,50339443.0
CO,Colombia,2020,10,4749.93,105.42,50339443.0
CO,Colombia,2020,11,4871.43,108.25,50339443.0
CO,Colombia,2020,12,2332.13,49.05,50339443.0
CR,Costa_Rica,2020,3,65.38,0.4,5047561.0
CR,Costa_Rica,2020,4,75.88,0.79,5047561.0
CR,Costa_Rica,2020,5,66.17,0.79,5047561.0
CR,Costa_Rica,2020,6,440.21,0.99,5047561.0
CR,Costa_Rica,2020,7,2777.78,24.76,5047561.0
CR,Costa_Rica,2020,8,4439.57,55.08,5047561.0
CR,Costa_Rica,2020,9,6915.22,91.53,5047561.0
CR,Costa_Rica,2020,10,6787.83,97.27,5047561.0
CR,Costa_Rica,2020,11,5592.21,63.2,5047561.0
CR,Costa_Rica,2020,12,2744.69,40.61,5047561.0
CU,Cuba,2020,3,15.0,0.35,11333484.0
CU,Cuba,2020,4,114.44,4.76,11333484.0
CU,Cuba,2020,5,49.23,2.21,11333484.0
CU,Cuba,2020,6,27.79,0.26,11333484.0
CU,Cuba,2020,7,22.68,0.09,11333484.0
CU,Cuba,2020,8,121.41,0.62,11333484.0
CU,Cuba,2020,9,137.47,2.47,11333484.0
CU,Cuba,2020,10,112.06,0.53,11333484.0
CU,Cuba,2020,11,126.35,0.53,11333484.0
CU,Cuba,2020,12,105.0,0.26,11333484.0
CV,Cape_Verde,2020,3,9.09,1.82,549936.0
CV,Cape_Verde,2020,4,196.39,0.0,549936.0
CV,Cape_Verde,2020,5,560.07,5.46,549936.0
CV,Cape_Verde,2020,6,1352.88,14.55,549936.0
CV,Cape_Verde,2020,7,2196.62,20.0,549936.0
CV,Cape_Verde,2020,8,2689.4,30.91,549936.0
CV,Cape_Verde,2020,9,3724.07,34.55,549936.0
CV,Cape_Verde,2020,10,5080.59,65.46,549936.0
CV,Cape_Verde,2020,11,3331.3,16.37,549936.0
CV,Cape_Verde,2020,12,1511.08,10.91,549936.0
CW,Curaçao,2020,3,55.07,6.12,163423.0
CW,Curaçao,2020,4,42.83,0.0,163423.0
CW,Curaçao,2020,5,18.36,0.0,163423.0
CW,Curaçao,2020,6,30.6,0.0,163423.0
CW,Curaçao,2020,7,30.6,0.0,163423.0
CW,Curaçao,2020,8,171.33,0.0,163423.0
CW,Curaçao,2020,9,1915.28,0.0,163423.0
CW,Curaçao,2020,10,3512.36,0.0,163423.0
CW,Curaçao,2020,11,8689.11,18.36,163423.0
CW,Curaçao,2020,12,7710.05,42.83,163423.0
CY,Cyprus,2020,3,262.59,7.99,875899.0
CY,Cyprus,2020,4,699.85,9.13,875899.0
CY,Cyprus,2020,5,114.17,2.28,875899.0
CY,Cyprus,2020,6,60.51,2.28,875899.0
CY,Cyprus,2020,7,100.47,0.0,875899.0
CY,Cyprus,2020,8,460.1,2.28,875899.0
CY,Cyprus,2020,9,292.27,1.14,875899.0
CY,Cyprus,2020,10,2824.53,3.43,875899.0
CY,Cyprus,2020,11,7039.62,26.26,875899.0
CY,Cyprus,2020,12,5386.47,34.25,875899.0
CZ,Czechia,2020,1,0.0,0.0,10649800.0
CZ,Czechia,2020,2,0.0,0.0,10649800.0
CZ,Czechia,2020,3,281.88,2.25,10649800.0
CZ,Czechia,2020,4,429.77,19.06,10649800.0
CZ,Czechia,2020,5,155.03,8.64,10649800.0
CZ,Czechia,2020,6,241.79,2.72,10649800.0
CZ,Czechia,2020,7,426.02,2.91,10649800.0
CZ,Czechia,2020,8,753.54,4.13,10649800.0
CZ,Czechia,2020,9,4082.33,20.0,10649800.0
CZ,Czechia,2020,10,24022.05,229.3,10649800.0
CZ,Czechia,2020,11,18408.8,475.13,10649800.0
CZ,Czechia,2020,12,5761.23,138.12,10649800.0
DE,Germany,2020,1,0.06,0.0,83019213.0
DE,Germany,2020,2,0.63,0.0,83019213.0
DE,Germany,2020,3,745.08,7.02,83019213.0
DE,Germany,2020,4,1170.89,68.72,83019213.0
DE,Germany,2020,5,269.37,26.64,83019213.0
DE,Germany,2020,6,153.9,5.7,83019213.0
DE,Germany,2020,7,173.92,2.02,83019213.0
DE,Germany,2020,8,405.73,1.89,83019213.0
DE,Germany,2020,9,564.18,2.29,83019213.0
DE,Germany,2020,10,2764.83,11.61,83019213.0
DE,Germany,2020,11,6445.69,69.82,83019213.0
DE,Germany,2020,12,3411.37,68.98,83019213.0
DJ,Djibouti,2020,3,26.71,0.0,973557.0
DJ,Djibouti,2020,4,1079.55,2.05,973557.0
DJ,Djibouti,2020,5,2174.5,20.54,973557.0
DJ,Djibouti,2020,6,1501.71,31.84,973557.0
DJ,Djibouti,2020,7,436.54,5.14,973557.0
DJ,Djibouti,2020,8,312.26,2.05,973557.0
DJ,Djibouti,2020,9,31.84,1.03,973557.0
DJ,Djibouti,2020,10,146.88,0.0,973557.0
DJ,Djibouti,2020,11,121.21,0.0,973557.0
DJ,Djibouti,2020,12,52.39,0.0,973557.0
DK,Denmark,2020,1,0.0,0.0,5806081.0
DK,Denmark,2020,2,0.34,0.0,5806081.0
DK,Denmark,2020,3,443.5,13.26,5806081.0
DK,Denmark,2020,4,1107.63,63.04,5806081.0
DK,Denmark,2020,5,452.11,22.05,5806081.0
DK,Denmark,2020,6,192.56,5.86,5806081.0
DK,Denmark,2020,7,167.76,1.72,5806081.0
DK,Denmark,2020,8,512.39,1.55,5806081.0
DK,Denmark,2020,9,1853.92,4.48,5806081.0
DK,Denmark,2020,10,3059.03,11.88,5806081.0
DK,Denmark,2020,11,5877.8,18.95,5806081.0
DK,Denmark,2020,12,5236.92,19.29,5806081.0
DM,Dominica,2020,3,153.19,0.0,71808.0
DM,Dominica,2020,4,69.63,0.0,71808.0
DM,Dominica,2020,5,0.0,0.0,71808.0
DM,Dominica,2020,6,27.85,0.0,71808.0
DM,Dominica,2020,7,0.0,0.0,71808.0
DM,Dominica,2020,8,27.85,0.0,71808.0
DM,Dominica,2020,9,55.7,0.0,71808.0
DM,Dominica,2020,10,250.67,0.0,71808.0
DM,Dominica,2020,11,598.82,0.0,71808.0
DM,Dominica,2020,12,27.85,0.0,71808.0
DO,Dominican_Republic,2020,1,0.0,0.0,10738957.0
DO,Dominican_Republic,2020,2,0.0,0.0,10738957.0
DO,Dominican_Republic,2020,3,83.9,3.91,10738957.0
DO,Dominican_Republic,2020,4,535.53,23.37,10738957.0
DO,Dominican_Republic,2020,5,955.03,19.09,10738957.0
DO,Dominican_Republic,2020,6,1388.22,21.88,10738957.0
DO,Dominican_Republic,2020,7,3361.5,38.46,10738957.0
DO,Dominican_Republic,2020,8,2451.45,49.82,10738957.0
DO,Dominican_Republic,2020,9,1644.39,39.11,10738957.0
DO,Dominican_Republic,2020,10,1343.89,12.57,10738957.0
DO,Dominican_Republic,2020,11,1596.15,8.75,10738957.0
DO,Dominican_Republic,2020,12,1044.7,2.89,10738957.0
DZ,Algeria,2020,1,0.0,0.0,43053054.0
DZ,Algeria,2020,2,0.02,0.0,43053054.0
DZ,Algeria,2020,3,13.54,0.81,43053054.0
DZ,Algeria,2020,4,75.81,9.5,43053054.0
DZ,Algeria,2020,5,125.87,4.69,43053054.0
DZ,Algeria,2020,6,99.97,6.02,43053054.0
DZ,Algeria,2020,7,377.67,6.85,43053054.0
DZ,Algeria,2020,8,332.5,6.99,43053054.0
DZ,Algeria,2020,9,167.75,5.23,43053054.0
DZ,Algeria,2020,10,145.94,5.34,43053054.0
DZ,Algeria,2020,11,570.69,10.55,43053054.0
DZ,Algeria,2020,12,229.51,4.32,43053054.0
EC,Ecuador,2020,1,0.0,0.0,17373657.0
EC,Ecuador,2020,2,0.0,0.0,17373657.0
EC,Ecuador,2020,3,113.16,3.57,17373657.0
EC,Ecuador,2020,4,1307.09,47.26,17373657.0
EC,Ecuador,2020,5,799.83,141.08,17373657.0
EC,Ecuador,2020,6,983.9,67.23,17373657.0
EC,Ecuador,2020,7,1652.21,66.48,17373657.0
EC,Ecuador,2020,8,1685.2,51.69,17373657.0
EC,Ecuador,2020,9,1272.1,273.81,17373657.0
EC,Ecuador,2020,10,1807.22,75.98,17373657.0
EC,Ecuador,2020,11,1437.23,45.53,17373657.0
EC,Ecuador,2020,12,575.18,26.02,17373657.0
EE,Estonia,2020,1,0.0,0.0,1324820.0
EE,Estonia,2020,2,0.75,0.0,1324820.0
EE,Estonia,2020,3,538.94,2.26,1324820.0
EE,Estonia,2020,4,717.83,35.48,1324820.0
EE,Estonia,2020,5,150.21,9.81,1324820.0
EE,Estonia,2020,6,92.09,0.0,1324820.0
EE,Estonia,2020,7,48.31,0.0,1324820.0
EE,Estonia,2020,8,243.05,0.75,1324820.0
EE,Estonia,2020,9,711.04,0.0,1324820.0
EE,Estonia,2020,10,1099.02,6.79,1324820.0
EE,Estonia,2020,11,5495.84,29.44,1324820.0
EE,Estonia,2020,12,4531.18,27.93,1324820.0
EG,Egypt,2020,1,0.0,0.0,100388076.0
EG,Egypt,2020,2,0.01,0.0,100388076.0
EG,Egypt,2020,3,6.06,0.4,100388076.0
EG,Egypt,2020,4,46.41,3.39,100388076.0
EG,Egypt,2020,5,181.11,5.31,100388076.0
EG,Egypt,2020,6,431.38,19.51,100388076.0
EG,Egypt,2020,7,268.99,18.95,100388076.0
EG,Egypt,2020,8,49.51,6.23,100388076.0
EG,Egypt,2020,9,43.35,5.13,100388076.0
EG,Egypt,2020,10,42.8,3.43,100388076.0
EG,Egypt,2020,11,81.33,3.77,100388076.0
EG,Egypt,2020,12,60.11,2.83,100388076.0
EH,Western_Sahara,2020,4,10.3,0.0,582458.0
EH,Western_Sahara,2020,5,29.19,1.72,582458.0
EH,Western_Sahara,2020,6,317.62,0.0,582458.0
EH,Western_Sahara,2020,7,958.01,0.0,582458.0
EH,Western_Sahara,2020,8,0.0,0.0,582458.0
EH,Western_Sahara,2020,9,0.0,0.0,582458.0
EH,Western_Sahara,2020,10,0.0,0.0,582458.0
EH,Western_Sahara,2020,11,0.0,0.0,582458.0
EH,Western_Sahara,2020,12,0.0,0.0,582458.0
EL,Greece,2020,1,0.0,0.0,10724599.0
EL,Greece,2020,2,0.37,0.0,10724599.0
EL,Greece,2020,3,112.64,4.01,10724599.0
EL,Greece,2020,4,127.18,8.95,10724599.0
EL,Greece,2020,5,31.61,3.36,10724599.0
EL,Greece,2020,6,44.29,1.49,10724599.0
EL,Greece,2020,7,94.27,1.12,10724599.0
EL,Greece,2020,8,534.57,5.5,10724599.0
EL,Greece,2020,9,744.92,11.75,10724599.0
EL,Greece,2020,10,1778.43,21.63,10724599.0
EL,Greece,2020,11,6250.21,158.61,10724599.0
EL,Greece,2020,12,1893.5,121.59,10724599.0
ER,Eritrea,2020,3,3.43,0.0,3497117.0
ER,Eritrea,2020,4,7.72,0.0,3497117.0
ER,Eritrea,2020,5,0.0,0.0,3497117.0
ER,Eritrea,2020,6,43.46,0.0,3497117.0
ER,Eritrea,2020,7,25.16,0.0,3497117.0
ER,Eritrea,2020,8,11.15,0.0,3497117.0
ER,Eritrea,2020,9,16.3,0.0,3497117.0
ER,Eritrea,2020,10,24.59,0.0,3497117.0
ER,Eritrea,2020,11,33.17,0.0,3497117.0
ER,Eritrea,2020,12,38.32,0.0,3497117.0
ES,Spain,2020,1,0.0,0.0,46937060.0
ES,Spain,2020,2,1.15,0.0,46937060.0
ES,Spain,2020,3,2220.27,156.38,46937060.0
ES,Spain,2020,4,2363.08,366.51,46937060.0
ES,Spain,2020,5,516.56,55.05,46937060.0
ES,Spain,2020,6,209.69,26.16,46937060.0
ES,Spain,2020,7,836.25,1.92,46937060.0
ES,Spain,2020,8,3714.25,13.83,46937060.0
ES,Spain,2020,9,6526.4,57.46,46937060.0
ES,Spain,2020,10,8873.37,87.07,46937060.0
ES,Spain,2020,11,9853.81,195.82,46937060.0
ES,Spain,2020,12,1755.29,54.43,46937060.0
ET,Ethiopia,2020,3,0.21,0.0,112078727.0
ET,Ethiopia,2020,4,0.95,0.03,112078727.0
ET,Ethiopia,2020,5,8.32,0.04,112078727.0
ET,Ethiopia,2020,6,42.68,0.85,112078727.0
ET,Ethiopia,2020,7,96.08,1.43,112078727.0
ET,Ethiopia,2020,8,307.88,4.73,112078727.0
ET,Ethiopia,2020,9,209.33,3.55,112078727.0
ET,Ethiopia,2020,10,189.2,2.44,112078727.0
ET,Ethiopia,2020,11,122.64,2.11,112078727.0
ET,Ethiopia,2020,12,64.55,0.95,112078727.0
FI,Finland,2020,1,0.18,0.0,5517919.0
FI,Finland,2020,2,0.36,0.0,5517919.0
FI,Finland,2020,3,237.41,2.36,5517919.0
FI,Finland,2020,4,651.15,34.98,5517919.0
FI,Finland,2020,5,347.96,19.94,5517919.0
FI,Finland,2020,6,69.41,2.17,5517919.0
FI,Finland,2020,7,38.78,0.18,5517919.0
FI,Finland,2020,8,118.52,1.09,5517919.0
FI,Finland,2020,9,328.93,1.45,5517919.0
FI,Finland,2020,10,1090.63,2.72,5517919.0
FI,Finland,2020,11,1580.12,6.34,5517919.0
FI,Finland,2020,12,1120.17,10.87,5517919.0
FJ,Fiji,2020,3,5.62,0.0,889955.0
FJ,Fiji,2020,4,14.61,0.0,889955.0
FJ,Fiji,2020,5,0.0,0.0,889955.0
FJ,Fiji,2020,6,0.0,0.0,889955.0
FJ,Fiji,2020,7,10.11,0.0,889955.0
FJ,Fiji,2020,8,1.12,2.25,889955.0
FJ,Fiji,2020,9,4.49,0.0,889955.0
FJ,Fiji,2020,10,2.25,0.0,889955.0
FJ,Fiji,2020,11,8.99,0.0,889955.0
FJ,Fiji,2020,12,4.49,0.0,889955.0
FK,Falkland_Islands_(Malvinas),2020,4,3855.28,0.0,3372.0
FK,Falkland_Islands_(Malvinas),2020,5,0.0,0.0,3372.0
FK,Falkland_Islands_(Malvinas),2020,6,0.0,0.0,3372.0
FK,Falkland_Islands_(Malvinas),2020,7,0.0,0.0,3372.0
FK,Falkland_Islands_(Malvinas),2020,8,0.0,0.0,3372.0
FK,Falkland_Islands_(Malvinas),2020,9,0.0,0.0,3372.0
FK,Falkland_Islands_(Malvinas),2020,10,0.0,0.0,3372.0
FK,Falkland_Islands_(Malvinas),2020,11,1186.24,0.0,3372.0
FK,Falkland_Islands_(Malvinas),2020,12,593.12,0.0,3372.0
FO,Faroe_Islands,2020,3,3451.32,0.0,48677.0
FO,Faroe_Islands,2020,4,390.33,0.0,48677.0
FO,Faroe_Islands,2020,5,0.0,0.0,48677.0
FO,Faroe_Islands,2020,6,0.0,0.0,48677.0
FO,Faroe_Islands,2020,7,677.94,0.0,48677.0
FO,Faroe_Islands,2020,8,3923.82,0.0,48677.0
FO,Faroe_Islands,2020,9,1068.27,0.0,48677.0
FO,Faroe_Islands,2020,10,636.85,0.0,48677.0
FO,Faroe_Islands,2020,11,164.35,0.0,48677.0
FO,Faroe_Islands,2020,12,534.13,0.0,48677.0
FR,France,2020,1,0.09,0.0,67012883.0
FR,France,2020,2,0.76,0.03,67012883.0
FR,France,2020,3,663.95,45.1,67012883.0
FR,France,2020,4,1251.88,314.31,67012883.0
FR,France,2020,5,344.02,69.9,67012883.0
FR,France,2020,6,190.47,15.55,67012883.0
FR,France,2020,7,332.97,6.58,67012883.0
FR,France,2020,8,1363.47,5.25,67012883.0
FR,France,2020,9,4070.07,19.21,67012883.0
FR,France,2020,10,11658.86,69.72,67012883.0
FR,France,2020,11,13228.78,235.18,67012883.0
FR,France,2020,12,2363.26,83.36,67012883.0
GA,Gabon,2020,3,3.22,0.46,2172578.0
GA,Gabon,2020,4,123.82,0.92,2172578.0
GA,Gabon,2020,5,1095.01,6.44,2172578.0
GA,Gabon,2020,6,1260.71,11.51,2172578.0
GA,Gabon,2020,7,901.23,3.22,2172578.0
GA,Gabon,2020,8,530.71,1.84,2172578.0
GA,Gabon,2020,9,113.69,0.46,2172578.0
GA,Gabon,2020,10,99.42,0.46,2172578.0
GA,Gabon,2020,11,102.64,1.84,2172578.0
GA,Gabon,2020,12,63.98,1.84,2172578.0
GD,Grenada,2020,3,80.36,0.0,112002.0
GD,Grenada,2020,4,98.21,0.0,112002.0
GD,Grenada,2020,5,26.79,0.0,112002.0
GD,Grenada,2020,6,0.0,0.0,112002.0
GD,Grenada,2020,7,8.93,0.0,112002.0
GD,Grenada,2020,8,0.0,0.0,112002.0
GD,Grenada,2020,9,0.0,0.0,112002.0
GD,Grenada,2020,10,35.71,0.0,112002.0
GD,Grenada,2020,11,116.07,0.0,112002.0
GD,Grenada,2020,12,250.0,0.0,112002.0
GE,Georgia,2020,1,0.0,0.0,3996762.0
GE,Georgia,2020,2,0.5,0.0,3996762.0
GE,Georgia,2020,3,24.02,0.0,3996762.0
GE,Georgia,2020,4,104.83,1.5,3996762.0
GE,Georgia,2020,5,60.05,1.5,3996762.0
GE,Georgia,2020,6,42.78,0.75,3996762.0
GE,Georgia,2020,7,58.05,0.5,3996762.0
GE,Georgia,2020,8,81.82,0.5,3996762.0
GE,Georgia,2020,9,1095.64,3.5,3996762.0
GE,Georgia,2020,10,8274.2,68.56,3996762.0
GE,Georgia,2020,11,24181.57,240.19,3996762.0
GE,Georgia,2020,12,13880.99,143.12,3996762.0
GG,Guernsey,2020,3,698.02,0.0,64468.0
GG,Guernsey,2020,4,3195.38,201.65,64468.0
GG,Guernsey,2020,5,15.51,0.0,64468.0
GG,Guernsey,2020,6,0.0,0.0,64468.0
GG,Guernsey,2020,7,0.0,0.0,64468.0
GG,Guernsey,2020,8,0.0,0.0,64468.0
GG,Guernsey,2020,9,62.05,0.0,64468.0
GG,Guernsey,2020,10,170.63,0.0,64468.0
GG,Guernsey,2020,11,294.72,0.0,64468.0
GG,Guernsey,2020,12,46.53,0.0,64468.0
GH,Ghana,2020,3,5.0,0.16,30417858.0
GH,Ghana,2020,4,49.94,0.36,30417858.0
GH,Ghana,2020,5,200.44,0.62,30417858.0
GH,Ghana,2020,6,315.05,2.53,30417858.0
GH,Ghana,2020,7,584.89,2.07,30417858.0
GH,Ghana,2020,8,297.95,3.32,30417858.0
GH,Ghana,2020,9,74.86,0.82,30417858.0
GH,Ghana,2020,10,51.71,0.62,30417858.0
GH,Ghana,2020,11,115.52,0.1,30417858.0
GH,Ghana,2020,12,47.5,0.13,30417858.0
GI,Gibraltar,2020,3,2047.11,0.0,33706.0
GI,Gibraltar,2020,4,2136.12,0.0,33706.0
GI,Gibraltar,2020,5,593.37,0.0,33706.0
GI,Gibraltar,2020,6,474.69,0.0,33706.0
GI,Gibraltar,2020,7,296.68,0.0,33706.0
GI,Gibraltar,2020,8,2907.49,0.0,33706.0
GI,Gibraltar,2020,9,3144.84,0.0,33706.0
GI,Gibraltar,2020,10,8959.83,0.0,33706.0
GI,Gibraltar,2020,11,9523.53,148.34,33706.0
GI,Gibraltar,2020,12,1809.77,0.0,33706.0
GL,Greenland,2020,3,176.49,0.0,56660.0
GL,Greenland,2020,4,17.65,0.0,56660.0
GL,Greenland,2020,5,35.3,0.0,56660.0
GL,Greenland,2020,6,0.0,0.0,56660.0
GL,Greenland,2020,7,17.65,0.0,56660.0
GL,Greenland,2020,8,0.0,0.0,56660.0
GL,Greenland,2020,9,0.0,0.0,56660.0
GL,Greenland,2020,10,52.95,0.0,56660.0
GL,Greenland,2020,11,17.65,0.0,56660.0
GL,Greenland,2020,12,17.65,0.0,56660.0
GM,Gambia,2020,3,1.7,0.43,2347696.0
GM,Gambia,2020,4,2.98,0.0,2347696.0
GM,Gambia,2020,5,5.96,0.0,2347696.0
GM,Gambia,2020,6,9.37,0.43,2347696.0
GM,Gambia,2020,7,151.64,2.56,2347696.0
GM,Gambia,2020,8,1090.43,37.48,2347696.0
GM,Gambia,2020,9,262.38,6.82,2347696.0
GM,Gambia,2020,10,38.76,2.98,2347696.0
GM,Gambia,2020,11,27.26,1.7,2347696.0
GM,Gambia,2020,12,20.45,0.0,2347696.0
GN,Guinea,2020,3,1.25,0.0,12771246.0
GN,Guinea,2020,4,104.53,0.55,12771246.0
GN,Guinea,2020,5,184.4,1.25,12771246.0
GN,Guinea,2020,6,128.8,0.63,12771246.0
GN,Guinea,2020,7,148.07,1.17,12771246.0
GN,Guinea,2020,8,166.7,1.02,12771246.0
GN,Guinea,2020,9,98.89,0.55,12771246.0
GN,Guinea,2020,10,112.6,0.47,12771246.0
GN,Guinea,2020,11,75.72,0.31,12771246.0
GN,Guinea,2020,12,29.83,0.23,12771246.0
GQ,Equatorial_Guinea,2020,3,10.32,0.0,1355982.0
GQ,Equatorial_Guinea,2020,4,221.98,0.74,1355982.0
GQ,Equatorial_Guinea,2020,5,730.84,8.11,1355982.0
GQ,Equatorial_Guinea,2020,6,512.54,14.75,1355982.0
GQ,Equatorial_Guinea,2020,7,789.1,14.01,1355982.0
GQ,Equatorial_Guinea,2020,8,1379.07,23.6,1355982.0
GQ,Equatorial_Guinea,2020,9,65.64,0.0,1355982.0
GQ,Equatorial_Guinea,2020,10,42.77,0.0,1355982.0
GQ,Equatorial_Guinea,2020,11,47.94,1.47,1355982.0
GQ,Equatorial_Guinea,2020,12,23.6,0.0,1355982.0
GT,Guatemala,2020,3,2.05,0.06,17581476.0
GT,Guatemala,2020,4,31.23,0.85,17581476.0
GT,Guatemala,2020,5,236.27,4.89,17581476.0
GT,Guatemala,2020,6,720.64,36.63,17581476.0
GT,Guatemala,2020,7,1786.94,63.76,17581476.0
GT,Guatemala,2020,8,1426.84,49.65,17581476.0
GT,Guatemala,2020,9,970.11,28.33,17581476.0
GT,Guatemala,2020,10,931.15,27.07,17581476.0
GT,Guatemala,2020,11,832.24,25.71,17581476.0
GT,Guatemala,2020,12,415.84,14.62,17581476.0
GU,Guam,2020,3,358.65,5.98,167295.0
GU,Guam,2020,4,508.08,23.91,167295.0
GU,Guam,2020,5,167.37,0.0,167295.0
GU,Guam,2020,6,502.11,0.0,167295.0
GU,Guam,2020,7,591.77,0.0,167295.0
GU,Guam,2020,8,5923.67,29.89,167295.0
GU,Guam,2020,9,6551.3,221.17,167295.0
GU,Guam,2020,10,13377.57,191.28,167295.0
GU,Guam,2020,11,12773.84,197.26,167295.0
GU,Guam,2020,12,1721.51,35.86,167295.0
GW,Guinea_Bissau,2020,3,1.04,0.0,1920917.0
GW,Guinea_Bissau,2020,4,39.04,0.52,1920917.0
GW,Guinea_Bissau,2020,5,613.77,3.64,1920917.0
GW,Guinea_Bissau,2020,6,186.37,6.77,1920917.0
GW,Guinea_Bissau,2020,7,191.05,2.6,1920917.0
GW,Guinea_Bissau,2020,8,116.61,4.16,1920917.0
GW,Guinea_Bissau,2020,9,61.95,2.6,1920917.0
GW,Guinea_Bissau,2020,10,41.13,1.04,1920917.0
GW,Guinea_Bissau,2020,11,9.89,1.04,1920917.0
GW,Guinea_Bissau,2020,12,11.45,0.52,1920917.0
GY,Guyana,2020,3,10.22,1.28,782775.0
GY,Guyana,2020,4,89.43,8.94,782775.0
GY,Guyana,2020,5,94.54,5.11,782775.0
GY,Guyana,2020,6,106.03,0.0,782775.0
GY,Guyana,2020,7,212.07,10.22,782775.0
GY,Guyana,2020,8,1064.16,21.72,782775.0
GY,Guyana,2020,9,2059.34,52.38,782775.0
GY,Guyana,2020,10,1656.93,58.77,782775.0
GY,Guyana,2020,11,1575.17,33.22,782775.0
GY,Guyana,2020,12,694.96,6.39,782775.0
HN,Honduras,2020,3,14.47,0.72,9746115.0
HN,Honduras,2020,4,64.64,6.57,9746115.0
HN,Honduras,2020,5,443.56,13.34,9746115.0
HN,Honduras,2020,6,1408.15,29.14,9746115.0
HN,Honduras,2020,7,2319.69,84.85,9746115.0
HN,Honduras,2020,8,1923.64,56.02,9746115.0
HN,Honduras,2020,9,1633.88,47.71,9746115.0
HN,Honduras,2020,10,2133.16,35.5,9746115.0
HN,Honduras,2020,11,1128.65,24.63,9746115.0
HN,Honduras,2020,12,663.96,6.77,9746115.0
HR,Croatia,2020,1,0.0,0.0,4076246.0
HR,Croatia,2020,2,1.23,0.0,4076246.0
HR,Croatia,2020,3,192.58,1.47,4076246.0
HR,Croatia,2020,4,312.05,14.96,4076246.0
HR,Croatia,2020,5,45.14,8.83,4076246.0
HR,Croatia,2020,6,117.51,0.98,4076246.0
HR,Croatia,2020,7,575.53,9.08,4076246.0
HR,Croatia,2020,8,1239.38,9.81,4076246.0
HR,Croatia,2020,9,1534.99,22.32,4076246.0
HR,Croatia,2020,10,7400.68,62.8,4076246.0
HR,Croatia,2020,11,19641.85,289.73,4076246.0
HR,Croatia,2020,12,12088.08,227.66,4076246.0
HT,Haiti,2020,3,1.33,0.0,11263079.0
HT,Haiti,2020,4,5.42,0.53,11263079.0
HT,Haiti,2020,5,158.84,3.11,11263079.0
HT,Haiti,2020,6,361.18,5.68,11263079.0
HT,Haiti,2020,7,131.31,4.97,11263079.0
HT,Haiti,2020,8,70.76,3.55,11263079.0
HT,Haiti,2020,9,47.77,2.49,11263079.0
HT,Haiti,2020,10,27.26,0.27,11263079.0
HT,Haiti,2020,11,18.64,0.0,11263079.0
HT,Haiti,2020,12,26.72,0.18,11263079.0
HU,Hungary,2020,3,50.34,1.64,9772756.0
HU,Hungary,2020,4,233.61,30.29,9772756.0
HU,Hungary,2020,5,111.74,21.69,9772756.0
HU,Hungary,2020,6,28.45,6.24,9772756.0
HU,Hungary,2020,7,36.84,1.13,9772756.0
HU,Hungary,2020,8,148.99,1.84,9772756.0
HU,Hungary,2020,9,2097.67,15.45,9772756.0
HU,Hungary,2020,10,4999.61,100.79,9772756.0
HU,Hungary,2020,11,14509.83,314.45,9772756.0
HU,Hungary,2020,12,6830.01,236.06,9772756.0
ID,Indonesia,2020,1,0.0,0.0,270625567.0
ID,Indonesia,2020,2,0.0,0.0,270625567.0
ID,Indonesia,2020,3,5.22,0.45,270625567.0
ID,Indonesia,2020,4,30.88,2.45,270625567.0
ID,Indonesia,2020,5,59.13,2.92,270625567.0
ID,Indonesia,2020,6,108.34,4.55,270625567.0
ID,Indonesia,2020,7,189.35,8.33,270625567.0
ID,Indonesia,2020,8,242.83,8.44,270625567.0
ID,Indonesia,2020,9,408.95,12.04,270625567.0
ID,Indonesia,2020,10,459.01,11.75,270625567.0
ID,Indonesia,2020,11,470.47,11.21,270625567.0
ID,Indonesia,2020,12,308.74,7.41,270625567.0
IE,Ireland,2020,1,0.0,0.0,4904240.0
IE,Ireland,2020,2,0.0,0.0,4904240.0
IE,Ireland,2020,3,593.36,11.01,4904240.0
IE,Ireland,2020,4,3536.33,231.64,4904240.0
IE,Ireland,2020,5,953.46,93.8,4904240.0
IE,Ireland,2020,6,108.68,17.33,4904240.0
IE,Ireland,2020,7,115.21,5.71,4904240.0
IE,Ireland,2020,8,557.27,2.85,4904240.0
IE,Ireland,2020,9,1423.26,5.3,4904240.0
IE,Ireland,2020,10,5162.68,21.41,4904240.0
IE,Ireland,2020,11,2280.07,29.36,4904240.0
IE,Ireland,2020,12,804.2,14.68,4904240.0
IL,Israel,2020,1,0.0,0.0,8519373.0
IL,Israel,2020,2,0.82,0.0,8519373.0
IL,Israel,2020,3,524.22,2.0,8519373.0
IL,Israel,2020,4,1333.55,23.24,8519373.0
IL,Israel,2020,5,138.27,8.1,8519373.0
IL,Israel,2020,6,872.01,4.11,8519373.0
IL,Israel,2020,7,5392.18,21.6,8519373.0
IL,Israel,2020,8,5122.56,48.83,8519373.0
IL,Israel,2020,9,14426.65,71.48,8519373.0
IL,Israel,2020,10,9011.81,115.74,8519373.0
IL,Israel,2020,11,2615.1,41.08,8519373.0
IL,Israel,2020,12,2568.15,15.85,8519373.0
IM,Isle_of_Man,2020,3,496.52,0.0,84589.0
IM,Isle_of_Man,2020,4,3203.73,248.26,84589.0
IM,Isle_of_Man,2020,5,271.9,35.47,84589.0
IM,Isle_of_Man,2020,6,0.0,0.0,84589.0
IM,Isle_of_Man,2020,7,0.0,0.0,84589.0
IM,Isle_of_Man,2020,8,0.0,0.0,84589.0
IM,Isle_of_Man,2020,9,47.29,0.0,84589.0
IM,Isle_of_Man,2020,10,153.68,0.0,84589.0
IM,Isle_of_Man,2020,11,189.15,11.82,84589.0
IM,Isle_of_Man,2020,12,11.82,0.0,84589.0
IN,India,2020,1,0.0,0.0,1366417756.0
IN,India,2020,2,0.0,0.0,1366417756.0
IN,India,2020,3,0.91,0.02,1366417756.0
IN,India,2020,4,23.27,0.76,1366417756.0
IN,India,2020,5,109.11,2.99,1366417756.0
IN,India,2020,6,281.54,8.58,1366417756.0
IN,India,2020,7,784.56,13.8,1366417756.0
IN,India,2020,8,1450.78,21.02,1366417756.0
IN,India,2020,9,1906.09,24.17,1366417756.0
IN,India,2020,10,1398.81,17.67,1366417756.0
IN,India,2020,11,947.42,11.34,1366417756.0
IN,India,2020,12,331.09,4.55,1366417756.0
IQ,Iraq,2020,1,0.0,0.0,39309789.0
IQ,Iraq,2020,2,0.18,0.0,39309789.0
IQ,Iraq,2020,3,15.85,1.17,39309789.0
IQ,Iraq,2020,4,34.93,1.17,39309789.0
IQ,Iraq,2020,5,106.23,2.62,39309789.0
IQ,Iraq,2020,6,1042.28,41.82,39309789.0
IQ,Iraq,2020,7,1885.33,72.04,39309789.0
IQ,Iraq,2020,8,2796.1,58.2,39309789.0
IQ,Iraq,2020,9,3233.62,55.02,39309789.0
IQ,Iraq,2020,10,2857.89,44.26,39309789.0
IQ,Iraq,2020,11,2030.08,34.65,39309789.0
IQ,Iraq,2020,12,615.6,9.03,39309789.0
IR,Iran,2020,1,0.0,0.0,82913893.0
IR,Iran,2020,2,4.68,0.41,82913893.0
IR,Iran,2020,3,495.78,32.84,82913893.0
IR,Iran,2020,4,629.11,38.59,82913893.0
IR,Iran,2020,5,666.87,21.43,82913893.0
IR,Iran,2020,6,919.69,35.41,82913893.0
IR,Iran,2020,7,920.53,71.15,82913893.0
IR,Iran,2020,8,868.85,59.01,82913893.0
IR,Iran,2020,9,965.66,54.56,82913893.0
IR,Iran,2020,10,1824.97,102.42,82913893.0
IR,Iran,2020,11,4146.43,161.58,82913893.0
IR,Iran,2020,12,1923.92,52.11,82913893.0
IS,Iceland,2020,1,0.0,0.0,356991.0
IS,Iceland,2020,2,2.8,0.0,356991.0
IS,Iceland,2020,3,3039.29,5.6,356991.0
IS,Iceland,2020,4,1991.65,22.41,356991.0
IS,Iceland,2020,5,25.21,0.0,356991.0
IS,Iceland,2020,6,44.82,0.0,356991.0
IS,Iceland,2020,7,140.06,0.0,356991.0
IS,Iceland,2020,8,652.68,0.0,356991.0
IS,Iceland,2020,9,1652.7,0.0,356991.0
IS,Iceland,2020,10,5888.1,5.6,356991.0
IS,Iceland,2020,11,1635.9,39.22,356991.0
IS,Iceland,2020,12,493.01,5.6,356991.0
IT,Italy,2020,1,0.05,0.0,60359546.0
IT,Italy,2020,2,14.66,0.35,60359546.0
IT,Italy,2020,3,1670.84,191.68,60359546.0
IT,Italy,2020,4,1687.42,266.59,60359546.0
IT,Italy,2020,5,481.66,93.74,60359546.0
IT,Italy,2020,6,128.76,23.26,60359546.0
IT,Italy,2020,7,111.37,6.43,60359546.0
IT,Italy,2020,8,348.91,5.72,60359546.0
IT,Italy,2020,9,742.1,6.59,60359546.0
IT,Italy,2020,10,5544.49,40.52,60359546.0
IT,Italy,2020,11,15531.99,274.74,60359546.0
IT,Italy,2020,12,4283.23,159.31,60359546.0
JE,Jersey,2020,3,584.44,18.55,107796.0
JE,Jersey,2020,4,2068.72,176.26,107796.0
JE,Jersey,2020,5,204.09,74.21,107796.0
JE,Jersey,2020,6,102.04,18.55,107796.0
JE,Jersey,2020,7,148.43,0.0,107796.0
JE,Jersey,2020,8,361.79,9.28,107796.0
JE,Jersey,2020,9,324.69,0.0,107796.0
JE,Jersey,2020,10,1530.67,0.0,107796.0
JE,Jersey,2020,11,3283.98,0.0,107796.0
JE,Jersey,2020,12,7894.54,0.0,107796.0
JM,Jamaica,2020,3,12.89,0.34,2948277.0
JM,Jamaica,2020,4,121.43,2.04,2948277.0
JM,Jamaica,2020,5,62.75,0.68,2948277.0
JM,Jamaica,2020,6,39.68,0.34,2948277.0
JM,Jamaica,2020,7,56.3,0.0,2948277.0
JM,Jamaica,2020,8,506.4,3.73,2948277.0
JM,Jamaica,2020,9,1365.2,26.8,2948277.0
JM,Jamaica,2020,10,889.67,35.61,2948277.0
JM,Jamaica,2020,11,577.96,17.3,2948277.0
JM,Jamaica,2020,12,339.52,5.77,2948277.0
JO,Jordan,2020,3,26.53,0.49,10101697.0
JO,Jordan,2020,4,18.12,0.3,10101697.0
JO,Jordan,2020,5,28.02,0.1,10101697.0
JO,Jordan,2020,6,39.0,0.0,10101697.0
JO,Jordan,2020,7,6.24,0.2,10101697.0
JO,Jordan,2020,8,76.72,0.4,10101697.0
JO,Jordan,2020,9,800.16,4.16,10101697.0
JO,Jordan,2020,10,5866.04,70.78,10101697.0
JO,Jordan,2020,11,14354.12,190.27,10101697.0
JO,Jordan,2020,12,4485.09,66.42,10101697.0
JP,Japan,2020,1,0.11,0.0,126860299.0
JP,Japan,2020,2,1.7,0.02,126860299.0
JP,Japan,2020,3,13.58,0.42,126860299.0
JP,Japan,2020,4,95.66,2.83,126860299.0
JP,Japan,2020,5,21.78,3.75,126860299.0
JP,Japan,2020,6,13.73,0.64,126860299.0
JP,Japan,2020,7,119.67,0.26,126860299.0
JP,Japan,2020,8,268.73,2.16,126860299.0
JP,Japan,2020,9,119.38,2.25,126860299.0
JP,Japan,2020,10,137.02,1.51,126860299.0
JP,Japan,2020,11,365.5,2.87,126860299.0
JP,Japan,2020,12,259.29,3.67,126860299.0
KE,Kenya,2020,3,0.95,0.02,52573967.0
KE,Kenya,2020,4,6.35,0.27,52573967.0
KE,Kenya,2020,5,28.61,0.91,52573967.0
KE,Kenya,2020,6,81.83,1.54,52573967.0
KE,Kenya,2020,7,261.02,3.44,52573967.0
KE,Kenya,2020,8,269.03,4.74,52573967.0
KE,Kenya,2020,9,82.19,2.53,52573967.0
KE,Kenya,2020,10,293.28,5.21,52573967.0
KE,Kenya,2020,11,561.48,8.96,52573967.0
KE,Kenya,2020,12,163.12,2.57,52573967.0
KG,Kyrgyzstan,2020,3,13.09,0.0,6415851.0
KG,Kyrgyzstan,2020,4,103.18,1.25,6415851.0
KG,Kyrgyzstan,2020,5,156.18,1.25,6415851.0
KG,Kyrgyzstan,2020,6,553.01,6.39,6415851.0
KG,Kyrgyzstan,2020,7,4755.25,205.9,6415851.0
KG,Kyrgyzstan,2020,8,1261.41,-49.88,6415851.0
KG,Kyrgyzstan,2020,9,431.9,0.94,6415851.0
KG,Kyrgyzstan,2020,10,1902.94,12.62,6415851.0
KG,Kyrgyzstan,2020,11,2171.03,19.64,6415851.0
KG,Kyrgyzstan,2020,12,758.59,6.39,6415851.0
KH,Cambodia,2020,1,0.06,0.0,16486542.0
KH,Cambodia,2020,2,0.0,0.0,16486542.0
KH,Cambodia,2020,3,6.55,0.0,16486542.0
KH,Cambodia,2020,4,0.79,0.0,16486542.0
KH,Cambodia,2020,5,0.18,0.0,16486542.0
KH,Cambodia,2020,6,0.97,0.0,16486542.0
KH,Cambodia,2020,7,5.64,0.0,16486542.0
KH,Cambodia,2020,8,2.43,0.0,16486542.0
KH,Cambodia,2020,9,0.18,0.0,16486542.0
KH,Cambodia,2020,10,0.79,0.0,16486542.0
KH,Cambodia,2020,11,2.0,0.0,16486542.0
KH,Cambodia,2020,12,2.18,0.0,16486542.0
KM,Comoros,2020,5,124.58,2.35,850891.0
KM,Comoros,2020,6,195.09,5.88,850891.0
KM,Comoros,2020,7,124.58,0.0,850891.0
KM,Comoros,2020,8,52.89,0.0,850891.0
KM,Comoros,2020,9,65.81,0.0,850891.0
KM,Comoros,2020,10,68.16,0.0,850891.0
KM,Comoros,2020,11,86.97,0.0,850891.0
KM,Comoros,2020,12,19.98,0.0,850891.0
KN,Saint_Kitts_and_Nevis,2020,3,132.49,0.0,52834.0
KN,Saint_Kitts_and_Nevis,2020,4,151.42,0.0,52834.0
KN,Saint_Kitts_and_Nevis,2020,5,0.0,0.0,52834.0
KN,Saint_Kitts_and_Nevis,2020,6,0.0,0.0,52834.0
KN,Saint_Kitts_and_Nevis,2020,7,37.85,0.0,52834.0
KN,Saint_Kitts_and_Nevis,2020,8,0.0,0.0,52834.0
KN,Saint_Kitts_and_Nevis,2020,9,37.85,0.0,52834.0
KN,Saint_Kitts_and_Nevis,2020,10,0.0,0.0,52834.0
KN,Saint_Kitts_and_Nevis,2020,11,56.78,0.0,52834.0
KN,Saint_Kitts_and_Nevis,2020,12,94.64,0.0,52834.0
KR,South_Korea,2020,1,0.14,0.0,51225321.0
KR,South_Korea,2020,2,57.08,0.31,51225321.0
KR,South_Korea,2020,3,133.82,2.87,51225321.0
KR,South_Korea,2020,4,19.11,1.64,51225321.0
KR,South_Korea,2020,5,13.72,0.45,51225321.0
KR,South_Korea,2020,6,26.0,0.23,51225321.0
KR,South_Korea,2020,7,29.38,0.37,51225321.0
KR,South_Korea,2020,8,110.14,0.45,51225321.0
KR,South_Korea,2020,9,75.45,1.74,51225321.0
KR,South_Korea,2020,10,52.69,1.0,51225321.0
KR,South_Korea,2020,11,150.12,1.21,51225321.0
KR,South_Korea,2020,12,181.22,1.19,51225321.0
KW,Kuwait,2020,1,0.0,0.0,4207077.0
KW,Kuwait,2020,2,10.7,0.0,4207077.0
KW,Kuwait,2020,3,52.53,0.0,4207077.0
KW,Kuwait,2020,4,825.75,5.7,4207077.0
KW,Kuwait,2020,5,5336.72,43.02,4207077.0
KW,Kuwait,2020,6,4595.11,34.47,4207077.0
KW,Kuwait,2020,7,4992.78,22.58,4207077.0
KW,Kuwait,2020,8,4303.94,20.2,4207077.0
KW,Kuwait,2020,9,4737.73,18.3,4207077.0
KW,Kuwait,2020,10,4936.68,39.46,4207077.0
KW,Kuwait,2020,11,4061.97,24.96,4207077.0
KW,Kuwait,2020,12,901.34,7.84,4207077.0
KY,Cayman_Islands,2020,3,184.76,15.4,64948.0
KY,Cayman_Islands,2020,4,939.21,0.0,64948.0
KY,Cayman_Islands,2020,5,1046.99,0.0,64948.0
KY,Cayman_Islands,2020,6,893.02,0.0,64948.0
KY,Cayman_Islands,2020,7,61.59,0.0,64948.0
KY,Cayman_Islands,2020,8,30.79,0.0,64948.0
KY,Cayman_Islands,2020,9,92.38,0.0,64948.0
KY,Cayman_Islands,2020,10,446.51,0.0,64948.0
KY,Cayman_Islands,2020,11,523.5,15.4,64948.0
KY,Cayman_Islands,2020,12,369.53,0.0,64948.0
KZ,Kazakhstan,2020,3,17.52,0.05,18551428.0
KZ,Kazakhstan,2020,4,155.24,1.29,18551428.0
KZ,Kazakhstan,2020,5,412.53,0.7,18551428.0
KZ,Kazakhstan,2020,6,590.84,8.09,18551428.0
KZ,Kazakhstan,2020,7,3625.54,32.61,18551428.0
KZ,Kazakhstan,2020,8,2242.15,53.26,18551428.0
KZ,Kazakhstan,2020,9,540.87,16.01,18551428.0
KZ,Kazakhstan,2020,10,484.71,7.98,18551428.0
KZ,Kazakhstan,2020,11,1299.47,11.16,18551428.0
KZ,Kazakhstan,2020,12,672.24,6.41,18551428.0
LA,Laos,2020,3,1.26,0.0,7169456.0
LA,Laos,2020,4,1.39,0.0,7169456.0
LA,Laos,2020,5,0.0,0.0,7169456.0
LA,Laos,2020,6,0.0,0.0,7169456.0
LA,Laos,2020,7,0.14,0.0,7169456.0
LA,Laos,2020,8,0.28,0.0,7169456.0
LA,Laos,2020,9,0.14,0.0,7169456.0
LA,Laos,2020,10,0.14,0.0,7169456.0
LA,Laos,2020,11,2.09,0.0,7169456.0
LA,Laos,2020,12,0.28,0.0,7169456.0
LB,Lebanon,2020,1,0.0,0.0,6855709.0
LB,Lebanon,2020,2,0.44,0.0,6855709.0
LB,Lebanon,2020,3,64.62,1.6,6855709.0
LB,Lebanon,2020,4,40.11,1.9,6855709.0
LB,Lebanon,2020,5,68.56,0.29,6855709.0
LB,Lebanon,2020,6,80.81,1.17,6855709.0
LB,Lebanon,2020,7,377.64,3.35,6855709.0
LB,Lebanon,2020,8,1828.55,15.02,6855709.0
LB,Lebanon,2020,9,3137.09,29.32,6855709.0
LB,Lebanon,2020,10,6002.59,38.51,6855709.0
LB,Lebanon,2020,11,6916.13,55.28,6855709.0
LB,Lebanon,2020,12,2855.43,28.59,6855709.0
LC,Saint_Lucia,2020,3,49.24,0.0,182795.0
LC,Saint_Lucia,2020,4,43.76,0.0,182795.0
LC,Saint_Lucia,2020,5,5.47,0.0,182795.0
LC,Saint_Lucia,2020,6,5.47,0.0,182795.0
LC,Saint_Lucia,2020,7,32.82,0.0,182795.0
LC,Saint_Lucia,2020,8,5.47,0.0,182795.0
LC,Saint_Lucia,2020,9,5.47,0.0,182795.0
LC,Saint_Lucia,2020,10,279.0,0.0,182795.0
LC,Saint_Lucia,2020,11,979.24,10.94,182795.0
LC,Saint_Lucia,2020,12,98.47,10.94,182795.0
LI,Liechtenstein,2020,3,1667.62,0.0,38378.0
LI,Liechtenstein,2020,4,495.08,26.06,38378.0
LI,Liechtenstein,2020,5,0.0,0.0,38378.0
LI,Liechtenstein,2020,6,0.0,0.0,38378.0
LI,Liechtenstein,2020,7,156.34,0.0,38378.0
LI,Liechtenstein,2020,8,495.08,0.0,38378.0
LI,Liechtenstein,2020,9,312.68,0.0,38378.0
LI,Liechtenstein,2020,10,10500.81,26.06,38378.0
LI,Liechtenstein,2020,11,19542.45,338.74,38378.0
LI,Liechtenstein,2020,12,6279.64,78.17,38378.0
LK,Sri_Lanka,2020,1,0.05,0.0,21323734.0
LK,Sri_Lanka,2020,2,0.0,0.0,21323734.0
LK,Sri_Lanka,2020,3,5.58,0.05,21323734.0
LK,Sri_Lanka,2020,4,24.81,0.28,21323734.0
LK,Sri_Lanka,2020,5,45.54,0.14,21323734.0
LK,Sri_Lanka,2020,6,19.79,0.05,21323734.0
LK,Sri_Lanka,2020,7,36.2,0.0,21323734.0
LK,Sri_Lanka,2020,8,9.29,0.05,21323734.0
LK,Sri_Lanka,2020,9,16.98,0.05,21323734.0
LK,Sri_Lanka,2020,10,330.62,0.28,21323734.0
LK,Sri_Lanka,2020,11,612.46,4.55,21323734.0
LK,Sri_Lanka,2020,12,436.42,1.69,21323734.0
LR,Liberia,2020,3,0.61,0.0,4937374.0
LR,Liberia,2020,4,27.95,3.24,4937374.0
LR,Liberia,2020,5,28.15,2.23,4937374.0
LR,Liberia,2020,6,99.24,1.82,4937374.0
LR,Liberia,2020,7,83.24,7.49,4937374.0
LR,Liberia,2020,8,24.91,1.82,4937374.0
LR,Liberia,2020,9,7.9,0.0,4937374.0
LR,Liberia,2020,10,16.81,0.0,4937374.0
LR,Liberia,2020,11,34.23,0.2,4937374.0
LR,Liberia,2020,12,16.41,0.0,4937374.0
LS,Lesotho,2020,5,0.94,0.0,2125267.0
LS,Lesotho,2020,6,11.76,0.0,2125267.0
LS,Lesotho,2020,7,271.5,6.12,2125267.0
LS,Lesotho,2020,8,217.38,8.47,2125267.0
LS,Lesotho,2020,9,239.97,1.88,2125267.0
LS,Lesotho,2020,10,174.57,3.76,2125267.0
LS,Lesotho,2020,11,76.23,0.47,2125267.0
LS,Lesotho,2020,12,66.34,0.0,2125267.0
LT,Lithuania,2020,1,0.0,0.0,2794184.0
LT,Lithuania,2020,2,0.36,0.0,2794184.0
LT,Lithuania,2020,3,172.86,2.51,2794184.0
LT,Lithuania,2020,4,318.88,13.6,2794184.0
LT,Lithuania,2020,5,105.58,8.95,2794184.0
LT,Lithuania,2020,6,52.25,2.86,2794184.0
LT,Lithuania,2020,7,88.04,0.72,2794184.0
LT,Lithuania,2020,8,290.6,2.15,2794184.0
LT,Lithuania,2020,9,609.84,2.15,2794184.0
LT,Lithuania,2020,10,3308.66,23.26,2794184.0
LT,Lithuania,2020,11,17000.31,124.9,2794184.0
LT,Lithuania,2020,12,12059.33,114.17,2794184.0
LU,Luxembourg,2020,1,0.0,0.0,613894.0
LU,Luxembourg,2020,2,0.0,0.0,613894.0
LU,Luxembourg,2020,3,3238.34,35.84,613894.0
LU,Luxembourg,2020,4,2901.15,109.14,613894.0
LU,Luxembourg,2020,5,402.35,34.21,613894.0
LU,Luxembourg,2020,6,390.95,0.0,613894.0
LU,Luxembourg,2020,7,3844.31,6.52,613894.0
LU,Luxembourg,2020,8,14.66,16.29,613894.0
LU,Luxembourg,2020,9,2941.88,0.0,613894.0
LU,Luxembourg,2020,10,14176.71,45.61,613894.0
LU,Luxembourg,2020,11,27429.82,250.86,613894.0
LU,Luxembourg,2020,12,11889.67,146.61,613894.0
LV,Latvia,2020,3,195.84,0.0,1919968.0
LV,Latvia,2020,4,246.36,7.81,1919968.0
LV,Latvia,2020,5,112.5,4.69,1919968.0
LV,Latvia,2020,6,27.08,3.13,1919968.0
LV,Latvia,2020,7,57.81,0.52,1919968.0
LV,Latvia,2020,8,85.94,1.56,1919968.0
LV,Latvia,2020,9,175.0,1.56,1919968.0
LV,Latvia,2020,10,2057.33,16.67,1919968.0
LV,Latvia,2020,11,5883.43,66.67,1919968.0
LV,Latvia,2020,12,4531.33,79.17,1919968.0
LY,Libya,2020,3,1.18,0.0,6777453.0
LY,Libya,2020,4,7.82,0.3,6777453.0
LY,Libya,2020,5,10.18,0.44,6777453.0
LY,Libya,2020,6,93.25,2.36,6777453.0
LY,Libya,2020,7,362.97,7.38,6777453.0
LY,Libya,2020,8,1505.14,23.76,6777453.0
LY,Libya,2020,9,3038.16,45.44,6777453.0
LY,Libya,2020,10,3926.84,45.3,6777453.0
LY,Libya,2020,11,3216.84,47.07,6777453.0
LY,Libya,2020,12,1231.88,19.62,6777453.0
MA,Morocco,2020,3,15.24,0.9,36471766.0
MA,Morocco,2020,4,103.23,3.7,36471766.0
MA,Morocco,2020,5,94.84,0.99,36471766.0
MA,Morocco,2020,6,123.66,0.58,36471766.0
MA,Morocco,2020,7,300.75,3.32,36471766.0
MA,Morocco,2020,8,1045.74,20.98,36471766.0
MA,Morocco,2020,9,1639.19,28.54,36471766.0
MA,Morocco,2020,10,2580.38,40.39,36471766.0
MA,Morocco,2020,11,3797.7,59.33,36471766.0
MA,Morocco,2020,12,1255.93,22.89,36471766.0
MC,Monaco,2020,1,0.0,0.0,33085.0
MC,Monaco,2020,2,30.23,0.0,33085.0
MC,Monaco,2020,3,1057.88,0.0,33085.0
MC,Monaco,2020,4,906.76,30.23,33085.0
MC,Monaco,2020,5,30.23,0.0,33085.0
MC,Monaco,2020,6,90.68,0.0,33085.0
MC,Monaco,2020,7,423.15,0.0,33085.0
MC,Monaco,2020,8,1420.58,0.0,33085.0
MC,Monaco,2020,9,2508.69,0.0,33085.0
MC,Monaco,2020,10,4261.75,0.0,33085.0
MC,Monaco,2020,11,7646.97,30.23,33085.0
MC,Monaco,2020,12,1813.51,0.0,33085.0
MD,Moldova,2020,3,73.7,0.49,4043258.0
MD,Moldova,2020,4,858.96,26.96,4043258.0
MD,Moldova,2020,5,1070.18,44.52,4043258.0
MD,Moldova,2020,6,2042.66,60.59,4043258.0
MD,Moldova,2020,7,1877.2,58.12,4043258.0
MD,Moldova,2020,8,3154.14,54.66,4043258.0
MD,Moldova,2020,9,3791.25,78.65,4043258.0
MD,Moldova,2020,10,5731.02,112.78,4043258.0
MD,Moldova,2020,11,7868.9,129.6,4043258.0
MD,Moldova,2020,12,4823.09,69.75,4043258.0
ME,Montenegro,2020,3,146.26,1.61,622182.0
ME,Montenegro,2020,4,371.27,9.64,622182.0
ME,Montenegro,2020,5,3.21,3.21,622182.0
ME,Montenegro,2020,6,284.48,3.21,622182.0
ME,Montenegro,2020,7,4133.84,59.47,622182.0
ME,Montenegro,2020,8,2759.64,80.36,622182.0
ME,Montenegro,2020,9,9297.92,106.08,622182.0
ME,Montenegro,2020,10,12039.89,208.94,622182.0
ME,Montenegro,2020,11,27025.85,310.2,622182.0
ME,Montenegro,2020,12,10519.43,152.69,622182.0
MG,Madagascar,2020,3,1.63,0.0,26969306.0
MG,Madagascar,2020,4,3.11,0.0,26969306.0
MG,Madagascar,2020,5,23.36,0.22,26969306.0
MG,Madagascar,2020,6,51.17,0.52,26969306.0
MG,Madagascar,2020,7,319.25,3.15,26969306.0
MG,Madagascar,2020,8,151.84,3.19,26969306.0
MG,Madagascar,2020,9,56.88,1.41,26969306.0
MG,Madagascar,2020,10,21.91,0.56,26969306.0
MG,Madagascar,2020,11,13.83,0.26,26969306.0
MG,Madagascar,2020,12,11.01,0.26,26969306.0
MH,Marshall_Islands,2020,10,17.01,0.0,58791.0
MH,Marshall_Islands,2020,11,51.03,0.0,58791.0
MH,Marshall_Islands,2020,12,0.0,0.0,58791.0
MK,North_Macedonia,2020,1,0.0,0.0,2077132.0
MK,North_Macedonia,2020,2,0.48,0.0,2077132.0
MK,North_Macedonia,2020,3,136.73,3.37,2077132.0
MK,North_Macedonia,2020,4,557.02,31.77,2077132.0
MK,North_Macedonia,2020,5,347.59,27.92,2077132.0
MK,North_Macedonia,2020,6,1954.62,80.4,2077132.0
MK,North_Macedonia,2020,7,2117.82,87.62,2077132.0
MK,North_Macedonia,2020,8,1590.65,50.07,2077132.0
MK,North_Macedonia,2020,9,1857.85,73.66,2077132.0
MK,North_Macedonia,2020,10,6095.91,117.95,2077132.0
MK,North_Macedonia,2020,11,14970.16,360.59,2077132.0
MK,North_Macedonia,2020,12,5822.93,187.76,2077132.0
ML,Mali,2020,3,0.92,0.0,19658023.0
ML,Mali,2020,4,23.6,1.27,19658023.0
ML,Mali,2020,5,39.07,2.59,19658023.0
ML,Mali,2020,6,46.95,1.98,19658023.0
ML,Mali,2020,7,17.75,0.46,19658023.0
ML,Mali,2020,8,12.77,0.1,19658023.0
ML,Mali,2020,9,16.13,0.2,19658023.0
ML,Mali,2020,10,23.15,0.31,19658023.0
ML,Mali,2020,11,56.67,0.66,19658023.0
ML,Mali,2020,12,58.75,2.29,19658023.0
MM,Myanmar,2020,3,0.26,0.0,54045422.0
MM,Myanmar,2020,4,2.52,0.11,54045422.0
MM,Myanmar,2020,5,1.37,0.0,54045422.0
MM,Myanmar,2020,6,1.39,0.0,54045422.0
MM,Myanmar,2020,7,1.0,0.0,54045422.0
MM,Myanmar,2020,8,8.03,0.0,54045422.0
MM,Myanmar,2020,9,215.34,5.14,54045422.0
MM,Myanmar,2020,10,722.93,17.3,54045422.0
MM,Myanmar,2020,11,702.93,12.93,54045422.0
MM,Myanmar,2020,12,348.89,6.48,54045422.0
MN,Mongolia,2020,3,3.72,0.0,3225166.0
MN,Mongolia,2020,4,8.06,0.0,3225166.0
MN,Mongolia,2020,5,43.72,0.0,3225166.0
MN,Mongolia,2020,6,12.71,0.0,3225166.0
MN,Mongolia,2020,7,22.01,0.0,3225166.0
MN,Mongolia,2020,8,3.1,0.0,3225166.0
MN,Mongolia,2020,9,3.72,0.0,3225166.0
MN,Mongolia,2020,10,10.23,0.0,3225166.0
MN,Mongolia,2020,11,137.98,0.0,3225166.0
MN,Mongolia,2020,12,37.52,0.0,3225166.0
MP,Northern_Mariana_Islands,2020,3,34.96,0.0,57213.0
MP,Northern_Mariana_Islands,2020,4,209.74,34.96,57213.0
MP,Northern_Mariana_Islands,2020,5,139.83,0.0,57213.0
MP,Northern_Mariana_Islands,2020,6,139.83,0.0,57213.0
MP,Northern_Mariana_Islands,2020,7,209.74,0.0,57213.0
MP,Northern_Mariana_Islands,2020,8,244.7,0.0,57213.0
MP,Northern_Mariana_Islands,2020,9,244.7,0.0,57213.0
MP,Northern_Mariana_Islands,2020,10,384.53,0.0,57213.0
MP,Northern_Mariana_Islands,2020,11,244.7,0.0,57213.0
MP,Northern_Mariana_Islands,2020,12,122.35,0.0,57213.0
MR,Mauritania,2020,3,1.1,0.0,4525698.0
MR,Mauritania,2020,4,0.44,0.22,4525698.0
MR,Mauritania,2020,5,105.18,4.42,4525698.0
MR,Mauritania,2020,6,810.04,23.2,4525698.0
MR,Mauritania,2020,7,468.66,6.63,4525698.0
MR,Mauritania,2020,8,166.16,0.66,4525698.0
MR,Mauritania,2020,9,99.87,0.44,4525698.0
MR,Mauritania,2020,10,44.85,0.44,4525698.0
MR,Mauritania,2020,11,192.68,2.65,4525698.0
MR,Mauritania,2020,12,492.96,10.39,4525698.0
MS,Montserrat,2020,3,1001.8,0.0,4991.0
MS,Montserrat,2020,4,1202.16,200.36,4991.0
MS,Montserrat,2020,5,0.0,0.0,4991.0
MS,Montserrat,2020,6,0.0,0.0,4991.0
MS,Montserrat,2020,7,400.72,0.0,4991.0
MS,Montserrat,2020,8,0.0,0.0,4991.0
MS,Montserrat,2020,9,0.0,0.0,4991.0
MS,Montserrat,2020,10,0.0,0.0,4991.0
MS,Montserrat,2020,11,0.0,0.0,4991.0
MS,Montserrat,2020,12,0.0,0.0,4991.0
MT,Malta,2020,3,342.41,0.0,493559.0
MT,Malta,2020,4,597.7,8.1,493559.0
MT,Malta,2020,5,309.99,10.13,493559.0
MT,Malta,2020,6,105.36,0.0,493559.0
MT,Malta,2020,7,135.75,0.0,493559.0
MT,Malta,2020,8,2327.99,6.08,493559.0
MT,Malta,2020,9,2358.38,44.57,493559.0
MT,Malta,2020,10,6043.86,50.65,493559.0
MT,Malta,2020,11,7537.09,149.93,493559.0
MT,Malta,2020,12,2733.21,66.86,493559.0
MU,Mauritius,2020,3,100.81,2.36,1269670.0
MU,Mauritius,2020,4,160.67,5.51,1269670.0
MU,Mauritius,2020,5,2.36,0.0,1269670.0
MU,Mauritius,2020,6,4.73,0.0,1269670.0
MU,Mauritius,2020,7,2.36,0.0,1269670.0
MU,Mauritius,2020,8,1.58,0.0,1269670.0
MU,Mauritius,2020,9,27.57,0.0,1269670.0
MU,Mauritius,2020,10,47.26,0.0,1269670.0
MU,Mauritius,2020,11,47.26,0.0,1269670.0
MU,Mauritius,2020,12,11.03,0.0,1269670.0
MV,Maldives,2020,3,32.02,0.0,530957.0
MV,Maldives,2020,4,489.68,0.0,530957.0
MV,Maldives,2020,5,2627.33,9.42,530957.0
MV,Maldives,2020,6,1250.57,5.65,530957.0
MV,Maldives,2020,7,2604.73,15.07,530957.0
MV,Maldives,2020,8,7435.63,22.6,530957.0
MV,Maldives,2020,9,4759.33,11.3,530957.0
MV,Maldives,2020,10,2729.03,5.65,530957.0
MV,Maldives,2020,11,2544.46,16.95,530957.0
MV,Maldives,2020,12,704.39,3.77,530957.0
MW,Malawi,2020,4,1.93,0.16,18628749.0
MW,Malawi,2020,5,13.04,0.05,18628749.0
MW,Malawi,2020,6,50.73,0.54,18628749.0
MW,Malawi,2020,7,148.0,5.1,18628749.0
MW,Malawi,2020,8,83.47,3.49,18628749.0
MW,Malawi,2020,9,12.67,0.27,18628749.0
MW,Malawi,2020,10,8.11,0.27,18628749.0
MW,Malawi,2020,11,5.48,0.05,18628749.0
MW,Malawi,2020,12,2.2,0.11,18628749.0
MX,Mexico,2020,1,0.02,0.0,127575529.0
MX,Mexico,2020,2,0.09,0.0,127575529.0
MX,Mexico,2020,3,19.06,0.22,127575529.0
MX,Mexico,2020,4,202.05,13.36,127575529.0
MX,Mexico,2020,5,686.71,63.08,127575529.0
MX,Mexico,2020,6,1173.27,135.94,127575529.0
MX,Mexico,2020,7,1645.18,147.98,127575529.0
MX,Mexico,2020,8,1301.56,142.33,127575529.0
MX,Mexico,2020,9,1118.02,101.94,127575529.0
MX,Mexico,2020,10,1056.14,110.73,127575529.0
MX,Mexico,2020,11,1475.67,112.61,127575529.0
MX,Mexico,2020,12,1120.69,65.04,127575529.0
MY,Malaysia,2020,1,0.25,0.0,31949789.0
MY,Malaysia,2020,2,0.53,0.0,31949789.0
MY,Malaysia,2020,3,81.41,1.16,31949789.0
MY,Malaysia,2020,4,103.88,1.97,31949789.0
MY,Malaysia,2020,5,56.87,0.47,31949789.0
MY,Malaysia,2020,6,27.39,0.19,31949789.0
MY,Malaysia,2020,7,10.23,0.09,31949789.0
MY,Malaysia,2020,8,11.58,0.06,31949789.0
MY,Malaysia,2020,9,56.37,0.25,31949789.0
MY,Malaysia,2020,10,618.6,3.6,31949789.0
MY,Malaysia,2020,11,1051.21,3.38,31949789.0
MY,Malaysia,2020,12,594.37,1.82,31949789.0
MZ,Mozambique,2020,3,0.26,0.0,30366043.0
MZ,Mozambique,2020,4,2.24,0.0,30366043.0
MZ,Mozambique,2020,5,5.53,0.07,30366043.0
MZ,Mozambique,2020,6,21.04,0.13,30366043.0
MZ,Mozambique,2020,7,30.46,0.16,30366043.0
MZ,Mozambique,2020,8,66.29,0.4,30366043.0
MZ,Mozambique,2020,9,155.93,1.19,30366043.0
MZ,Mozambique,2020,10,139.0,1.05,30366043.0
MZ,Mozambique,2020,11,93.39,1.28,30366043.0
MZ,Mozambique,2020,12,44.16,0.4,30366043.0
NC,New_Caledonia,2020,3,56.59,0.0,282757.0
NC,New_Caledonia,2020,4,7.07,0.0,282757.0
NC,New_Caledonia,2020,5,3.54,0.0,282757.0
NC,New_Caledonia,2020,6,7.07,0.0,282757.0
NC,New_Caledonia,2020,7,3.54,0.0,282757.0
NC,New_Caledonia,2020,8,3.54,0.0,282757.0
NC,New_Caledonia,2020,9,14.15,0.0,282757.0
NC,New_Caledonia,2020,10,3.54,0.0,282757.0
NC,New_Caledonia,2020,11,14.15,0.0,282757.0
NC,New_Caledonia,2020,12,14.15,0.0,282757.0
NE,Niger,2020,3,0.86,0.13,23310719.0
NE,Niger,2020,4,29.73,1.24,23310719.0
NE,Niger,2020,5,10.42,1.37,23310719.0
NE,Niger,2020,6,5.1,0.13,23310719.0
NE,Niger,2020,7,2.53,0.09,23310719.0
NE,Niger,2020,8,1.8,0.0,23310719.0
NE,Niger,2020,9,0.86,0.0,23310719.0
NE,Niger,2020,10,1.03,0.0,23310719.0
NE,Niger,2020,11,12.7,0.04,23310719.0
NE,Niger,2020,12,31.83,0.43,23310719.0
NG,Nigeria,2020,1,0.0,0.0,200963603.0
NG,Nigeria,2020,2,0.0,0.0,200963603.0
NG,Nigeria,2020,3,0.65,0.01,200963603.0
NG,Nigeria,2020,4,7.95,0.24,200963603.0
NG,Nigeria,2020,5,40.44,1.1,200963603.0
NG,Nigeria,2020,6,76.02,1.49,200963603.0
NG,Nigeria,2020,7,87.36,1.52,200963603.0
NG,Nigeria,2020,8,55.61,0.67,200963603.0
NG,Nigeria,2020,9,23.8,0.49,200963603.0
NG,Nigeria,2020,10,20.12,0.16,200963603.0
NG,Nigeria,2020,11,23.49,0.14,200963603.0
NG,Nigeria,2020,12,28.68,0.12,200963603.0
NI,Nicaragua,2020,3,0.61,0.15,6545503.0
NI,Nicaragua,2020,4,1.53,0.46,6545503.0
NI,Nicaragua,2020,5,113.82,4.74,6545503.0
NI,Nicaragua,2020,6,215.57,5.96,6545503.0
NI,Nicaragua,2020,7,229.47,6.42,6545503.0
NI,Nicaragua,2020,8,125.58,3.21,6545503.0
NI,Nicaragua,2020,9,103.28,2.14,6545503.0
NI,Nicaragua,2020,10,52.56,0.76,6545503.0
NI,Nicaragua,2020,11,41.25,0.61,6545503.0
NI,Nicaragua,2020,12,15.74,0.31,6545503.0
NL,Netherlands,2020,1,0.0,0.0,17282163.0
NL,Netherlands,2020,2,0.12,0.0,17282163.0
NL,Netherlands,2020,3,679.78,49.99,17282163.0
NL,Netherlands,2020,4,1565.31,222.6,17282163.0
NL,Netherlands,2020,5,431.37,71.75,17282163.0
NL,Netherlands,2020,6,229.49,9.03,17282163.0
NL,Netherlands,2020,7,216.41,1.91,17282163.0
NL,Netherlands,2020,8,932.06,4.34,17282163.0
NL,Netherlands,2020,9,2739.76,9.78,17282163.0
NL,Netherlands,2020,10,12935.53,55.03,17282163.0
NL,Netherlands,2020,11,10259.07,115.78,17282163.0
NL,Netherlands,2020,12,5466.5,40.39,17282163.0
NO,Norway,2020,1,0.0,0.0,5328212.0
NO,Norway,2020,2,1.13,0.0,5328212.0
NO,Norway,2020,3,792.01,4.88,5328212.0
NO,Norway,2020,4,645.81,33.03,5328212.0
NO,Norway,2020,5,139.63,6.38,5328212.0
NO,Norway,2020,6,83.33,2.44,5328212.0
NO,Norway,2020,7,59.49,1.13,5328212.0
NO,Norway,2020,8,257.31,1.69,5328212.0
NO,Norway,2020,9,609.02,1.88,5328212.0
NO,Norway,2020,10,1083.85,1.5,5328212.0
NO,Norway,2020,11,2849.74,8.63,5328212.0
NO,Norway,2020,12,990.01,11.07,5328212.0
NP,Nepal,2020,1,0.03,0.0,28608715.0
NP,Nepal,2020,2,0.0,0.0,28608715.0
NP,Nepal,2020,3,0.14,0.0,28608715.0
NP,Nepal,2020,4,1.82,0.0,28608715.0
NP,Nepal,2020,5,46.98,0.21,28608715.0
NP,Nepal,2020,6,414.1,0.8,28608715.0
NP,Nepal,2020,7,220.18,0.8,28608715.0
NP,Nepal,2020,8,664.62,5.91,28608715.0
NP,Nepal,2020,9,1317.68,9.44,28608715.0
NP,Nepal,2020,10,3215.0,15.0,28608715.0
NP,Nepal,2020,11,2228.1,19.54,28608715.0
NP,Nepal,2020,12,574.82,7.66,28608715.0
NZ,New_Zealand,2020,1,0.0,0.0,4783062.0
NZ,New_Zealand,2020,2,0.21,0.0,4783062.0
NZ,New_Zealand,2020,3,135.06,0.21,4783062.0
NZ,New_Zealand,2020,4,100.77,3.76,4783062.0
NZ,New_Zealand,2020,5,5.23,0.63,4783062.0
NZ,New_Zealand,2020,6,5.02,0.0,4783062.0
NZ,New_Zealand,2020,7,6.69,0.0,4783062.0
NZ,New_Zealand,2020,8,37.01,0.0,4783062.0
NZ,New_Zealand,2020,9,19.44,0.63,4783062.0
NZ,New_Zealand,2020,10,25.3,0.0,4783062.0
NZ,New_Zealand,2020,11,20.7,0.0,4783062.0
NZ,New_Zealand,2020,12,8.36,0.0,4783062.0
OM,Oman,2020,1,0.0,0.0,4974992.0
OM,Oman,2020,2,1.21,0.0,4974992.0
OM,Oman,2020,3,34.77,0.0,4974992.0
OM,Oman,2020,4,421.11,2.01,4974992.0
OM,Oman,2020,5,1637.99,6.43,4974992.0
OM,Oman,2020,6,5756.19,25.53,4974992.0
OM,Oman,2020,7,8060.11,50.65,4974992.0
OM,Oman,2020,8,1283.42,51.46,4974992.0
OM,Oman,2020,9,2621.31,51.86,4974992.0
OM,Oman,2020,10,3185.73,54.87,4974992.0
OM,Oman,2020,11,1819.1,42.21,4974992.0
OM,Oman,2020,12,553.97,10.65,4974992.0
PA,Panama,2020,3,253.15,6.12,4246440.0
PA,Panama,2020,4,1248.81,35.79,4246440.0
PA,Panama,2020,5,1563.66,35.79,4246440.0
PA,Panama,2020,6,4654.96,68.29,4246440.0
PA,Panama,2020,7,7395.84,182.98,4246440.0
PA,Panama,2020,8,6564.09,140.82,4246440.0
PA,Panama,2020,9,4659.9,86.9,4246440.0
PA,Panama,2020,10,4948.62,76.3,4246440.0
PA,Panama,2020,11,7503.23,87.6,4246440.0
PA,Panama,2020,12,6659.23,69.71,4246440.0
PE,Peru,2020,3,29.22,0.74,32510462.0
PE,Peru,2020,4,1014.47,28.27,32510462.0
PE,Peru,2020,5,3744.64,105.44,32510462.0
PE,Peru,2020,6,3897.02,157.89,32510462.0
PE,Peru,2020,7,3848.82,292.74,32510462.0
PE,Peru,2020,8,7372.21,300.43,32510462.0
PE,Peru,2020,9,5063.05,110.98,32510462.0
PE,Peru,2020,10,2719.49,61.98,32510462.0
PE,Peru,2020,11,1917.84,46.51,32510462.0
PE,Peru,2020,12,690.33,23.19,32510462.0
PF,French_Polynesia,2020,3,128.9,0.0,279285.0
PF,French_Polynesia,2020,4,78.77,0.0,279285.0
PF,French_Polynesia,2020,5,7.16,0.0,279285.0
PF,French_Polynesia,2020,6,7.16,0.0,279285.0
PF,French_Polynesia,2020,7,0.0,0.0,279285.0
PF,French_Polynesia,2020,8,1281.84,0.0,279285.0
PF,French_Polynesia,2020,9,4461.39,25.06,279285.0
PF,French_Polynesia,2020,10,20036.88,78.77,279285.0
PF,French_Polynesia,2020,11,24469.63,157.55,279285.0
PF,French_Polynesia,2020,12,5449.63,64.45,279285.0
PG,Papua_New_Guinea,2020,3,0.11,0.0,8776119.0
PG,Papua_New_Guinea,2020,4,0.8,0.0,8776119.0
PG,Papua_New_Guinea,2020,5,0.0,0.0,8776119.0
PG,Papua_New_Guinea,2020,6,0.34,0.0,8776119.0
PG,Papua_New_Guinea,2020,7,6.95,0.23,8776119.0
PG,Papua_New_Guinea,2020,8,44.1,0.34,8776119.0
PG,Papua_New_Guinea,2020,9,8.55,0.23,8776119.0
PG,Papua_New_Guinea,2020,10,6.27,0.0,8776119.0
PG,Papua_New_Guinea,2020,11,7.52,0.0,8776119.0
PG,Papua_New_Guinea,2020,12,7.98,0.11,8776119.0
PH,Philippines,2020,1,0.01,0.0,108116622.0
PH,Philippines,2020,2,0.02,0.01,108116622.0
PH,Philippines,2020,3,19.25,0.8,108116622.0
PH,Philippines,2020,4,56.68,4.35,108116622.0
PH,Philippines,2020,5,83.35,3.63,108116622.0
PH,Philippines,2020,6,177.72,2.82,108116622.0
PH,Philippines,2020,7,489.62,6.73,108116622.0
PH,Philippines,2020,8,1184.11,14.22,108116622.0
PH,Philippines,2020,9,850.07,17.83,108116622.0
PH,Philippines,2020,10,644.03,16.07,108116622.0
PH,Philippines,2020,11,471.07,10.99,108116622.0
PH,Philippines,2020,12,180.69,3.33,108116622.0
PK,Pakistan,2020,1,0.0,0.0,216565317.0
PK,Pakistan,2020,2,0.01,0.0,216565317.0
PK,Pakistan,2020,3,7.49,0.08,216565317.0
PK,Pakistan,2020,4,65.26,1.51,216565317.0
PK,Pakistan,2020,5,248.13,5.25,216565317.0
PK,Pakistan,2020,6,645.72,13.03,216565317.0
PK,Pakistan,2020,7,318.46,7.61,216565317.0
PK,Pakistan,2020,8,81.01,1.58,216565317.0
PK,Pakistan,2020,9,75.79,0.85,216565317.0
PK,Pakistan,2020,10,95.72,1.51,216565317.0
PK,Pakistan,2020,11,300.28,5.63,216565317.0
PK,Pakistan,2020,12,197.46,3.73,216565317.0
PL,Poland,2020,3,54.12,0.82,37972812.0
PL,Poland,2020,4,278.75,15.62,37972812.0
PL,Poland,2020,5,287.86,11.51,37972812.0
PL,Poland,2020,6,278.7,10.09,37972812.0
PL,Poland,2020,7,286.44,6.98,37972812.0
PL,Poland,2020,8,575.12,8.53,37972812.0
PL,Poland,2020,9,608.12,11.85,37972812.0
PL,Poland,2020,10,6606.62,75.53,37972812.0
PL,Poland,2020,11,16965.85,307.54,37972812.0
PL,Poland,2020,12,3966.02,153.66,37972812.0
PR,Puerto_Rico,2020,3,59.32,2.05,2933404.0
PR,Puerto_Rico,2020,4,429.19,27.27,2933404.0
PR,Puerto_Rico,2020,5,778.96,16.02,2933404.0
PR,Puerto_Rico,2020,6,1204.06,6.82,2933404.0
PR,Puerto_Rico,2020,7,3177.88,20.79,2933404.0
PR,Puerto_Rico,2020,8,5548.5,75.0,2933404.0
PR,Puerto_Rico,2020,9,5324.53,75.0,2933404.0
PR,Puerto_Rico,2020,10,5889.4,56.59,2933404.0
PR,Puerto_Rico,2020,11,8472.07,93.41,2933404.0
PR,Puerto_Rico,2020,12,5646.34,60.68,2933404.0
PS,Palestine,2020,3,23.09,0.2,4981422.0
PS,Palestine,2020,4,78.69,0.2,4981422.0
PS,Palestine,2020,5,23.89,0.6,4981422.0
PS,Palestine,2020,6,364.76,0.6,4981422.0
PS,Palestine,2020,7,2488.25,15.26,4981422.0
PS,Palestine,2020,8,2855.61,16.46,4981422.0
PS,Palestine,2020,9,4226.1,38.94,4981422.0
PS,Palestine,2020,10,2936.31,38.54,4981422.0
PS,Palestine,2020,11,6433.1,51.19,4981422.0
PS,Palestine,2020,12,5594.59,54.6,4981422.0
PT,Portugal,2020,3,623.55,13.62,10276617.0
PT,Portugal,2020,4,1779.18,82.61,10276617.0
PT,Portugal,2020,5,730.88,39.6,10276617.0
PT,Portugal,2020,6,944.77,16.74,10276617.0
PT,Portugal,2020,7,871.49,15.47,10276617.0
PT,Portugal,2020,8,671.43,8.95,10276617.0
PT,Portugal,2020,9,1649.28,14.01,10276617.0
PT,Portugal,2020,10,6087.12,49.14,10276617.0
PT,Portugal,2020,11,15328.68,190.63,10276617.0
PT,Portugal,2020,12,5249.3,110.15,10276617.0
PY,Paraguay,2020,3,9.23,0.43,7044639.0
PY,Paraguay,2020,4,26.12,0.85,7044639.0
PY,Paraguay,2020,5,101.5,0.28,7044639.0
PY,Paraguay,2020,6,174.18,0.71,7044639.0
PY,Paraguay,2020,7,428.13,4.4,7044639.0
PY,Paraguay,2020,8,1701.72,37.05,7044639.0
PY,Paraguay,2020,9,3251.55,75.66,7044639.0
PY,Paraguay,2020,10,3193.21,77.51,7044639.0
PY,Paraguay,2020,11,2741.09,50.53,7044639.0
PY,Paraguay,2020,12,1657.43,29.81,7044639.0
QA,Qatar,2020,1,0.0,0.0,2832071.0
QA,Qatar,2020,2,0.0,0.0,2832071.0
QA,Qatar,2020,3,244.7,0.35,2832071.0
QA,Qatar,2020,4,4191.63,3.18,2832071.0
QA,Qatar,2020,5,15076.6,9.18,2832071.0
QA,Qatar,2020,6,14068.86,27.19,2832071.0
QA,Qatar,2020,7,5421.47,20.48,2832071.0
QA,Qatar,2020,8,2865.39,9.18,2832071.0
QA,Qatar,2020,9,2456.86,6.0,2832071.0
QA,Qatar,2020,10,2404.6,6.36,2832071.0
QA,Qatar,2020,11,2226.29,1.77,2832071.0
QA,Qatar,2020,12,816.72,1.06,2832071.0
RO,Romania,2020,1,0.0,0.0,19414458.0
RO,Romania,2020,2,0.15,0.0,19414458.0
RO,Romania,2020,3,100.39,2.27,19414458.0
RO,Romania,2020,4,516.42,32.5,19414458.0
RO,Romania,2020,5,368.54,29.77,19414458.0
RO,Romania,2020,6,383.68,19.62,19414458.0
RO,Romania,2020,7,1185.15,34.51,19414458.0
RO,Romania,2020,8,1915.79,65.62,19414458.0
RO,Romania,2020,9,1989.7,62.53,19414458.0
RO,Romania,2020,10,5674.74,106.88,19414458.0
RO,Romania,2020,11,12153.31,222.82,19414458.0
RO,Romania,2020,12,4367.83,112.91,19414458.0
RS,Serbia,2020,3,112.73,2.3,6963764.0
RS,Serbia,2020,4,1140.04,22.55,6963764.0
RS,Serbia,2020,5,381.55,9.91,6963764.0
RS,Serbia,2020,6,417.45,4.6,6963764.0
RS,Serbia,2020,7,1568.84,41.79,6963764.0
RS,Serbia,2020,8,883.43,20.97,6963764.0
RS,Serbia,2020,9,303.57,5.46,6963764.0
RS,Serbia,2020,10,1674.09,9.33,6963764.0
RS,Serbia,2020,11,17817.52,105.55,6963764.0
RS,Serbia,2020,12,13960.55,112.3,6963764.0
RU,Russia,2020,1,0.0,0.0,145872260.0
RU,Russia,2020,2,0.01,0.0,145872260.0
RU,Russia,2020,3,12.57,0.07,145872260.0
RU,Russia,2020,4,668.82,6.59,145872260.0
RU,Russia,2020,5,2037.23,24.56,145872260.0
RU,Russia,2020,6,1676.68,31.61,145872260.0
RU,Russia,2020,7,1325.43,31.78,145872260.0
RU,Russia,2020,8,1068.24,22.56,145872260.0
RU,Russia,2020,9,1216.67,23.66,145872260.0
RU,Russia,2020,10,2962.67,48.75,145872260.0
RU,Russia,2020,11,4588.54,81.38,145872260.0
RU,Russia,2020,12,2636.64,50.83,145872260.0
RW,Rwanda,2020,3,5.54,0.0,12626938.0
RW,Rwanda,2020,4,12.28,0.0,12626938.0
RW,Rwanda,2020,5,10.61,0.08,12626938.0
RW,Rwanda,2020,6,50.84,0.08,12626938.0
RW,Rwanda,2020,7,78.64,0.24,12626938.0
RW,Rwanda,2020,8,160.45,0.87,12626938.0
RW,Rwanda,2020,9,64.62,1.03,12626938.0
RW,Rwanda,2020,10,23.6,0.48,12626938.0
RW,Rwanda,2020,11,62.17,1.03,12626938.0
RW,Rwanda,2020,12,58.6,0.63,12626938.0
SA,Saudi_Arabia,2020,3,42.4,0.23,34268529.0
SA,Saudi_Arabia,2020,4,582.14,4.35,34268529.0
SA,Saudi_Arabia,2020,5,1808.71,9.43,34268529.0
SA,Saudi_Arabia,2020,6,3007.19,32.65,34268529.0
SA,Saudi_Arabia,2020,7,2561.62,36.97,34268529.0
SA,Saudi_Arabia,2020,8,1184.82,29.3,34268529.0
SA,Saudi_Arabia,2020,9,565.12,25.36,34268529.0
SA,Saudi_Arabia,2020,10,370.4,18.79,34268529.0
SA,Saudi_Arabia,2020,11,299.05,14.62,34268529.0
SA,Saudi_Arabia,2020,12,80.54,4.79,34268529.0
SB,Solomon_Islands,2020,10,11.94,0.0,669821.0
SB,Solomon_Islands,2020,11,13.44,0.0,669821.0
SB,Solomon_Islands,2020,12,0.0,0.0,669821.0
SC,Seychelles,2020,3,102.31,0.0,97741.0
SC,Seychelles,2020,4,10.23,0.0,97741.0
SC,Seychelles,2020,5,0.0,0.0,97741.0
SC,Seychelles,2020,6,0.0,0.0,97741.0
SC,Seychelles,2020,7,1053.81,0.0,97741.0
SC,Seychelles,2020,8,225.08,0.0,97741.0
SC,Seychelles,2020,9,71.62,0.0,97741.0
SC,Seychelles,2020,10,102.31,0.0,97741.0
SC,Seychelles,2020,11,204.62,0.0,97741.0
SC,Seychelles,2020,12,143.24,0.0,97741.0
SD,Sudan,2020,3,0.14,0.05,42813237.0
SD,Sudan,2020,4,8.62,0.61,42813237.0
SD,Sudan,2020,5,103.36,5.47,42813237.0
SD,Sudan,2020,6,104.13,7.24,42813237.0
SD,Sudan,2020,7,52.27,3.57,42813237.0
SD,Sudan,2020,8,39.54,2.29,42813237.0
SD,Sudan,2020,9,9.74,0.3,42813237.0
SD,Sudan,2020,10,3.71,0.02,42813237.0
SD,Sudan,2020,11,90.21,9.44,42813237.0
SD,Sudan,2020,12,87.8,2.48,42813237.0
SE,Sweden,2020,1,0.0,0.0,10230185.0
SE,Sweden,2020,2,1.08,0.0,10230185.0
SE,Sweden,2020,3,425.11,29.62,10230185.0
SE,Sweden,2020,4,1623.43,245.74,10230185.0
SE,Sweden,2020,5,1703.1,174.29,10230185.0
SE,Sweden,2020,6,2802.3,86.02,10230185.0
SE,Sweden,2020,7,940.55,25.9,10230185.0
SE,Sweden,2020,8,738.21,6.84,10230185.0
SE,Sweden,2020,9,871.25,4.99,10230185.0
SE,Sweden,2020,10,3508.73,13.88,10230185.0
SE,Sweden,2020,11,12562.92,110.65,10230185.0
SE,Sweden,2020,12,6112.89,36.56,10230185.0
SG,Singapore,2020,1,2.24,0.0,5804343.0
SG,Singapore,2020,2,14.64,0.0,5804343.0
SG,Singapore,2020,3,128.52,0.52,5804343.0
SG,Singapore,2020,4,2549.3,1.9,5804343.0
SG,Singapore,2020,5,3226.03,1.55,5804343.0
SG,Singapore,2020,6,1601.39,0.52,5804343.0
SG,Singapore,2020,7,1403.78,0.17,5804343.0
SG,Singapore,2020,8,854.88,0.0,5804343.0
SG,Singapore,2020,9,167.29,0.0,5804343.0
SG,Singapore,2020,10,44.97,0.17,5804343.0
SG,Singapore,2020,11,36.18,0.17,5804343.0
SG,Singapore,2020,12,18.43,0.0,5804343.0
SI,Slovenia,2020,3,366.67,5.29,2080908.0
SI,Slovenia,2020,4,314.77,37.48,2080908.0
SI,Slovenia,2020,5,26.43,9.13,2080908.0
SI,Slovenia,2020,6,53.82,1.44,2080908.0
SI,Slovenia,2020,7,266.23,2.88,2080908.0
SI,Slovenia,2020,8,348.89,5.29,2080908.0
SI,Slovenia,2020,9,1260.03,4.81,2080908.0
SI,Slovenia,2020,10,12986.16,41.81,2080908.0
SI,Slovenia,2020,11,20602.06,337.35,2080908.0
SI,Slovenia,2020,12,10059.55,255.66,2080908.0
SK,Slovakia,2020,3,61.65,0.0,5450421.0
SK,Slovakia,2020,4,193.56,4.04,5450421.0
SK,Slovakia,2020,5,23.85,1.1,5450421.0
SK,Slovakia,2020,6,26.42,0.0,5450421.0
SK,Slovakia,2020,7,110.08,0.0,5450421.0
SK,Slovakia,2020,8,295.57,0.92,5450421.0
SK,Slovakia,2020,9,1045.42,2.2,5450421.0
SK,Slovakia,2020,10,8351.1,30.64,5450421.0
SK,Slovakia,2020,11,9291.39,110.82,5450421.0
SK,Slovakia,2020,12,4999.8,65.87,5450421.0
SL,Sierra_Leone,2020,4,14.85,0.51,7813207.0
SL,Sierra_Leone,2020,5,94.2,5.38,7813207.0
SL,Sierra_Leone,2020,6,76.54,1.79,7813207.0
SL,Sierra_Leone,2020,7,47.1,0.9,7813207.0
SL,Sierra_Leone,2020,8,26.11,0.38,7813207.0
SL,Sierra_Leone,2020,9,25.6,0.26,7813207.0
SL,Sierra_Leone,2020,10,18.3,0.26,7813207.0
SL,Sierra_Leone,2020,11,5.89,0.0,7813207.0
SL,Sierra_Leone,2020,12,3.71,0.13,7813207.0
SM,San_Marino,2020,1,0.0,0.0,34453.0
SM,San_Marino,2020,2,29.03,0.0,34453.0
SM,San_Marino,2020,3,6617.71,725.63,34453.0
SM,San_Marino,2020,4,9694.37,464.4,34453.0
SM,San_Marino,2020,5,3134.71,29.03,34453.0
SM,San_Marino,2020,6,783.68,0.0,34453.0
SM,San_Marino,2020,7,29.03,0.0,34453.0
SM,San_Marino,2020,8,319.28,0.0,34453.0
SM,San_Marino,2020,9,493.43,0.0,34453.0
SM,San_Marino,2020,10,5834.03,0.0,34453.0
SM,San_Marino,2020,11,19098.48,87.08,34453.0
SM,San_Marino,2020,12,10478.04,174.15,34453.0
SN,Senegal,2020,3,9.94,0.0,16296362.0
SN,Senegal,2020,4,44.18,0.55,16296362.0
SN,Senegal,2020,5,162.8,2.02,16296362.0
SN,Senegal,2020,6,194.09,4.05,16296362.0
SN,Senegal,2020,7,209.13,5.89,16296362.0
SN,Senegal,2020,8,211.7,4.91,16296362.0
SN,Senegal,2020,9,85.23,1.6,16296362.0
SN,Senegal,2020,10,40.5,0.8,16296362.0
SN,Senegal,2020,11,28.84,0.61,16296362.0
SN,Senegal,2020,12,61.36,0.98,16296362.0
SO,Somalia,2020,3,0.19,0.0,15442906.0
SO,Somalia,2020,4,37.49,1.81,15442906.0
SO,Somalia,2020,5,86.38,2.91,15442906.0
SO,Somalia,2020,6,63.98,1.1,15442906.0
SO,Somalia,2020,7,19.94,0.19,15442906.0
SO,Somalia,2020,8,6.35,0.26,15442906.0
SO,Somalia,2020,9,18.0,0.13,15442906.0
SO,Somalia,2020,10,22.86,0.32,15442906.0
SO,Somalia,2020,11,32.64,0.58,15442906.0
SO,Somalia,2020,12,8.68,0.52,15442906.0
SR,Suriname,2020,3,13.76,0.0,581363.0
SR,Suriname,2020,4,3.44,1.72,581363.0
SR,Suriname,2020,5,6.88,0.0,581363.0
SR,Suriname,2020,6,837.69,20.64,581363.0
SR,Suriname,2020,7,1976.39,22.36,581363.0
SR,Suriname,2020,8,4057.71,70.52,581363.0
SR,Suriname,2020,9,1468.96,63.64,581363.0
SR,Suriname,2020,10,581.39,12.04,581363.0
SR,Suriname,2020,11,190.93,10.32,581363.0
SR,Suriname,2020,12,70.52,0.0,581363.0
SS,South_Sudan,2020,4,3.07,0.0,11062114.0
SS,South_Sudan,2020,5,86.78,0.9,11062114.0
SS,South_Sudan,2020,6,91.48,2.44,11062114.0
SS,South_Sudan,2020,7,28.57,0.81,11062114.0
SS,South_Sudan,2020,8,17.81,0.09,11062114.0
SS,South_Sudan,2020,9,16.36,0.18,11062114.0
SS,South_Sudan,2020,10,18.35,0.81,11062114.0
SS,South_Sudan,2020,11,18.62,0.27,11062114.0
SS,South_Sudan,2020,12,8.77,0.09,11062114.0
ST,Sao_Tome_and_Principe,2020,4,65.1,0.0,215048.0
ST,Sao_Tome_and_Principe,2020,5,2162.31,55.8,215048.0
ST,Sao_Tome_and_Principe,2020,6,1088.13,4.65,215048.0
ST,Sao_Tome_and_Principe,2020,7,730.07,9.3,215048.0
ST,Sao_Tome_and_Principe,2020,8,120.9,0.0,215048.0
ST,Sao_Tome_and_Principe,2020,9,69.75,0.0,215048.0
ST,Sao_Tome_and_Principe,2020,10,158.1,4.65,215048.0
ST,Sao_Tome_and_Principe,2020,11,204.61,4.65,215048.0
ST,Sao_Tome_and_Principe,2020,12,93.0,0.0,215048.0
SV,El_Salvador,2020,3,4.96,0.0,6453550.0
SV,El_Salvador,2020,4,53.46,1.39,6453550.0
SV,El_Salvador,2020,5,331.6,5.73,6453550.0
SV,El_Salvador,2020,6,566.51,18.28,6453550.0
SV,El_Salvador,2020,7,1558.37,42.61,6453550.0
SV,El_Salvador,2020,8,1471.9,43.08,6453550.0
SV,El_Salvador,2020,9,503.91,19.52,6453550.0
SV,El_Salvador,2020,10,691.71,20.45,6453550.0
SV,El_Salvador,2020,11,768.57,21.54,6453550.0
SV,El_Salvador,2020,12,538.46,14.1,6453550.0
SX,Sint_Maarten,2020,3,70.77,0.0,42389.0
SX,Sint_Maarten,2020,4,1722.14,306.68,42389.0
SX,Sint_Maarten,2020,5,23.59,47.18,42389.0
SX,Sint_Maarten,2020,6,0.0,0.0,42389.0
SX,Sint_Maarten,2020,7,1203.14,0.0,42389.0
SX,Sint_Maarten,2020,8,7902.99,47.18,42389.0
SX,Sint_Maarten,2020,9,4623.84,117.96,42389.0
SX,Sint_Maarten,2020,10,3444.29,0.0,42389.0
SX,Sint_Maarten,2020,11,6157.26,70.77,42389.0
SX,Sint_Maarten,2020,12,3916.11,23.59,42389.0
SY,Syria,2020,3,0.59,0.12,17070132.0
SY,Syria,2020,4,1.93,0.06,17070132.0
SY,Syria,2020,5,4.63,0.06,17070132.0
SY,Syria,2020,6,8.61,0.29,17070132.0
SY,Syria,2020,7,27.47,1.87,17070132.0
SY,Syria,2020,8,115.11,3.98,17070132.0
SY,Syria,2020,9,84.65,5.16,17070132.0
SY,Syria,2020,10,89.92,5.16,17070132.0
SY,Syria,2020,11,123.84,7.5,17070132.0
SY,Syria,2020,12,80.2,6.15,17070132.0
SZ,Eswatini,2020,3,7.84,0.0,1148133.0
SZ,Eswatini,2020,4,71.42,0.87,1148133.0
SZ,Eswatini,2020,5,167.23,0.87,1148133.0
SZ,Eswatini,2020,6,445.94,7.84,1148133.0
SZ,Eswatini,2020,7,1552.08,25.26,1148133.0
SZ,Eswatini,2020,8,1728.02,44.42,1148133.0
SZ,Eswatini,2020,9,784.75,14.81,1148133.0
SZ,Eswatini,2020,10,389.33,7.84,1148133.0
SZ,Eswatini,2020,11,436.36,3.48,1148133.0
SZ,Eswatini,2020,12,311.81,5.23,1148133.0
TC,Turks_and_Caicos_islands,2020,3,130.91,0.0,38194.0
TC,Turks_and_Caicos_islands,2020,4,183.27,26.18,38194.0
TC,Turks_and_Caicos_islands,2020,5,0.0,0.0,38194.0
TC,Turks_and_Caicos_islands,2020,6,759.28,0.0,38194.0
TC,Turks_and_Caicos_islands,2020,7,1649.47,26.18,38194.0
TC,Turks_and_Caicos_islands,2020,8,10551.4,26.18,38194.0
TC,Turks_and_Caicos_islands,2020,9,4686.6,78.55,38194.0
TC,Turks_and_Caicos_islands,2020,10,445.1,0.0,38194.0
TC,Turks_and_Caicos_islands,2020,11,1178.2,0.0,38194.0
TC,Turks_and_Caicos_islands,2020,12,549.82,0.0,38194.0
TD,Chad,2020,3,0.44,0.0,15946882.0
TD,Chad,2020,4,2.82,0.13,15946882.0
TD,Chad,2020,5,44.33,3.95,15946882.0
TD,Chad,2020,6,6.71,0.56,15946882.0
TD,Chad,2020,7,4.33,0.06,15946882.0
TD,Chad,2020,8,4.83,0.13,15946882.0
TD,Chad,2020,9,11.35,0.5,15946882.0
TD,Chad,2020,10,18.19,0.82,15946882.0
TD,Chad,2020,11,12.48,0.19,15946882.0
TD,Chad,2020,12,5.52,0.06,15946882.0
TG,Togo,2020,3,4.21,0.12,8082359.0
TG,Togo,2020,4,9.28,0.74,8082359.0
TG,Togo,2020,5,40.09,0.74,8082359.0
TG,Togo,2020,6,25.98,0.12,8082359.0
TG,Togo,2020,7,35.14,0.49,8082359.0
TG,Togo,2020,8,58.03,1.11,8082359.0
TG,Togo,2020,9,44.91,2.6,8082359.0
TG,Togo,2020,10,68.42,0.87,8082359.0
TG,Togo,2020,11,80.42,1.11,8082359.0
TG,Togo,2020,12,35.76,0.25,8082359.0
TH,Thailand,2020,1,0.2,0.0,69625581.0
TH,Thailand,2020,2,0.4,0.0,69625581.0
TH,Thailand,2020,3,23.11,0.14,69625581.0
TH,Thailand,2020,4,18.71,0.63,69625581.0
TH,Thailand,2020,5,1.82,0.04,69625581.0
TH,Thailand,2020,6,1.29,0.01,69625581.0
TH,Thailand,2020,7,2.0,0.0,69625581.0
TH,Thailand,2020,8,1.46,0.0,69625581.0
TH,Thailand,2020,9,2.18,0.01,69625581.0
TH,Thailand,2020,10,3.1,0.0,69625581.0
TH,Thailand,2020,11,2.83,0.01,69625581.0
TH,Thailand,2020,12,3.73,0.0,69625581.0
TJ,Tajikistan,2020,5,408.43,5.04,9321023.0
TJ,Tajikistan,2020,6,224.55,0.54,9321023.0
TJ,Tajikistan,2020,7,157.28,0.86,9321023.0
TJ,Tajikistan,2020,8,127.02,0.86,9321023.0
TJ,Tajikistan,2020,9,126.17,0.75,9321023.0
TJ,Tajikistan,2020,10,134.21,0.75,9321023.0
TJ,Tajikistan,2020,11,126.38,0.43,9321023.0
TJ,Tajikistan,2020,12,58.9,0.21,9321023.0
TL,Timor_Leste,2020,3,0.77,0.0,1293120.0
TL,Timor_Leste,2020,4,17.79,0.0,1293120.0
TL,Timor_Leste,2020,5,0.0,0.0,1293120.0
TL,Timor_Leste,2020,6,0.0,0.0,1293120.0
TL,Timor_Leste,2020,7,0.0,0.0,1293120.0
TL,Timor_Leste,2020,8,2.32,0.0,1293120.0
TL,Timor_Leste,2020,9,0.77,0.0,1293120.0
TL,Timor_Leste,2020,10,1.55,0.0,1293120.0
TL,Timor_Leste,2020,11,0.0,0.0,1293120.0
TL,Timor_Leste,2020,12,0.77,0.0,1293120.0
TN,Tunisia,2020,3,26.68,0.68,11694721.0
TN,Tunisia,2020,4,57.12,2.74,11694721.0
TN,Tunisia,2020,5,8.21,0.68,11694721.0
TN,Tunisia,2020,6,8.21,0.17,11694721.0
TN,Tunisia,2020,7,29.24,0.0,11694721.0
TN,Tunisia,2020,8,185.64,2.22,11694721.0
TN,Tunisia,2020,9,1173.18,14.54,11694721.0
TN,Tunisia,2020,10,3626.25,91.58,11694721.0
TN,Tunisia,2020,11,3115.76,162.64,11694721.0
TN,Tunisia,2020,12,1292.04,57.72,11694721.0
TR,Turkey,2020,3,132.03,2.05,82003882.0
TR,Turkey,2020,4,1301.91,35.52,82003882.0
TR,Turkey,2020,5,555.02,17.49,82003882.0
TR,Turkey,2020,6,433.03,7.32,82003882.0
TR,Turkey,2020,7,381.42,6.82,82003882.0
TR,Turkey,2020,8,471.38,7.95,82003882.0
TR,Turkey,2020,9,594.19,22.0,82003882.0
TR,Turkey,2020,10,681.46,24.96,82003882.0
TR,Turkey,2020,11,2596.67,41.23,82003882.0
TR,Turkey,2020,12,4992.2,32.21,82003882.0
TT,Trinidad_and_Tobago,2020,3,60.93,2.15,1394969.0
TT,Trinidad_and_Tobago,2020,4,22.22,3.58,1394969.0
TT,Trinidad_and_Tobago,2020,5,0.72,0.0,1394969.0
TT,Trinidad_and_Tobago,2020,6,6.45,0.0,1394969.0
TT,Trinidad_and_Tobago,2020,7,27.24,0.0,1394969.0
TT,Trinidad_and_Tobago,2020,8,1088.91,9.32,1394969.0
TT,Trinidad_and_Tobago,2020,9,1992.88,37.99,1394969.0
TT,Trinidad_and_Tobago,2020,10,863.82,23.66,1394969.0
TT,Trinidad_and_Tobago,2020,11,711.13,9.32,1394969.0
TT,Trinidad_and_Tobago,2020,12,156.99,1.43,1394969.0
TW,Taiwan,2020,1,0.38,0.0,23773881.0
TW,Taiwan,2020,2,1.26,0.04,23773881.0
TW,Taiwan,2020,3,11.23,0.17,23773881.0
TW,Taiwan,2020,4,5.17,0.04,23773881.0
TW,Taiwan,2020,5,0.55,0.04,23773881.0
TW,Taiwan,2020,6,0.21,0.0,23773881.0
TW,Taiwan,2020,7,0.84,0.0,23773881.0
TW,Taiwan,2020,8,0.88,0.0,23773881.0
TW,Taiwan,2020,9,1.09,0.0,23773881.0
TW,Taiwan,2020,10,1.72,0.0,23773881.0
TW,Taiwan,2020,11,5.05,0.0,23773881.0
TW,Taiwan,2020,12,2.73,0.0,23773881.0
TZ,United_Republic_of_Tanzania,2020,3,0.33,0.02,58005461.0
TZ,United_Republic_of_Tanzania,2020,4,7.95,0.26,58005461.0
TZ,United_Republic_of_Tanzania,2020,5,0.5,0.09,58005461.0
TZ,United_Republic_of_Tanzania,2020,6,0.0,0.0,58005461.0
TZ,United_Republic_of_Tanzania,2020,7,0.0,0.0,58005461.0
TZ,United_Republic_of_Tanzania,2020,8,0.0,0.0,58005461.0
TZ,United_Republic_of_Tanzania,2020,9,0.0,0.0,58005461.0
TZ,United_Republic_of_Tanzania,2020,10,0.0,0.0,58005461.0
TZ,United_Republic_of_Tanzania,2020,11,0.0,0.0,58005461.0
TZ,United_Republic_of_Tanzania,2020,12,0.0,0.0,58005461.0
UA,Ukraine,2020,3,10.91,0.25,43993643.0
UA,Ukraine,2020,4,213.35,5.43,43993643.0
UA,Ukraine,2020,5,303.18,10.14,43993643.0
UA,Ukraine,2020,6,464.25,10.25,43993643.0
UA,Ukraine,2020,7,572.04,11.96,43993643.0
UA,Ukraine,2020,8,1142.89,19.41,43993643.0
UA,Ukraine,2020,9,1951.6,34.96,43993643.0
UA,Ukraine,2020,10,3950.5,67.65,43993643.0
UA,Ukraine,2020,11,7818.18,117.56,43993643.0
UA,Ukraine,2020,12,4045.74,68.96,43993643.0
UG,Uganda,2020,3,0.75,0.0,44269587.0
UG,Uganda,2020,4,1.08,0.0,44269587.0
UG,Uganda,2020,5,7.5,0.0,44269587.0
UG,Uganda,2020,6,10.32,0.0,44269587.0
UG,Uganda,2020,7,6.26,0.05,44269587.0
UG,Uganda,2020,8,40.23,0.63,44269587.0
UG,Uganda,2020,9,114.95,1.02,44269587.0
UG,Uganda,2020,10,99.23,0.79,44269587.0
UG,Uganda,2020,11,174.72,2.06,44269587.0
UG,Uganda,2020,12,166.86,0.45,44269587.0
UK,United_Kingdom,2020,1,0.0,0.0,66647112.0
UK,United_Kingdom,2020,2,0.45,0.0,66647112.0
UK,United_Kingdom,2020,3,444.9,30.76,66647112.0
UK,United_Kingdom,2020,4,2062.64,360.09,66647112.0
UK,United_Kingdom,2020,5,1308.98,170.09,66647112.0
UK,United_Kingdom,2020,6,437.39,44.35,66647112.0
UK,United_Kingdom,2020,7,281.48,12.42,66647112.0
UK,United_Kingdom,2020,8,482.63,4.95,66647112.0
UK,United_Kingdom,2020,9,1675.83,8.6,66647112.0
UK,United_Kingdom,2020,10,8156.23,62.37,66647112.0
UK,United_Kingdom,2020,11,9416.49,180.29,66647112.0
UK,United_Kingdom,2020,12,3482.16,88.9,66647112.0
US,United_States_of_America,2020,1,0.02,0.0,329064917.0
US,United_States_of_America,2020,2,0.18,0.0,329064917.0
US,United_States_of_America,2020,3,500.07,9.63,329064917.0
US,United_States_of_America,2020,4,2659.93,175.64,329064917.0
US,United_States_of_America,2020,5,2219.85,130.11,329064917.0
US,United_States_of_America,2020,6,2492.42,67.95,329064917.0
US,United_States_of_America,2020,7,5787.5,78.8,329064917.0
US,United_States_of_America,2020,8,4564.9,94.2,329064917.0
US,United_States_of_America,2020,9,3628.15,69.68,329064917.0
US,United_States_of_America,2020,10,5641.34,72.05,329064917.0
US,United_States_of_America,2020,11,13176.41,112.94,329064917.0
US,United_States_of_America,2020,12,8732.12,98.17,329064917.0
UY,Uruguay,2020,3,93.59,0.29,3461731.0
UY,Uruguay,2020,4,88.4,4.04,3461731.0
UY,Uruguay,2020,5,55.17,2.02,3461731.0
UY,Uruguay,2020,6,32.06,1.44,3461731.0
UY,Uruguay,2020,7,89.84,2.31,3461731.0
UY,Uruguay,2020,8,98.79,2.6,3461731.0
UY,Uruguay,2020,9,129.42,1.16,3461731.0
UY,Uruguay,2020,10,303.03,2.89,3461731.0
UY,Uruguay,2020,11,760.89,5.2,3461731.0
UY,Uruguay,2020,12,1153.18,4.62,3461731.0
UZ,Uzbekistan,2020,3,4.52,0.06,32981715.0
UZ,Uzbekistan,2020,4,56.18,0.21,32981715.0
UZ,Uzbekistan,2020,5,47.06,0.15,32981715.0
UZ,Uzbekistan,2020,6,143.84,0.3,32981715.0
UZ,Uzbekistan,2020,7,462.68,3.43,32981715.0
UZ,Uzbekistan,2020,8,548.58,5.46,32981715.0
UZ,Uzbekistan,2020,9,450.8,4.58,32981715.0
UZ,Uzbekistan,2020,10,306.5,2.88,32981715.0
UZ,Uzbekistan,2020,11,189.26,1.36,32981715.0
UZ,Uzbekistan,2020,12,67.43,0.12,32981715.0
VA,Holy_See,2020,3,7361.96,0.0,815.0
VA,Holy_See,2020,4,4907.98,0.0,815.0
VA,Holy_See,2020,5,2453.99,0.0,815.0
VA,Holy_See,2020,6,0.0,0.0,815.0
VA,Holy_See,2020,7,0.0,0.0,815.0
VA,Holy_See,2020,8,0.0,0.0,815.0
VA,Holy_See,2020,9,0.0,0.0,815.0
VA,Holy_See,2020,10,17177.91,0.0,815.0
VA,Holy_See,2020,11,0.0,0.0,815.0
VA,Holy_See,2020,12,0.0,0.0,815.0
VC,Saint_Vincent_and_the_Grenadines,2020,3,9.04,0.0,110593.0
VC,Saint_Vincent_and_the_Grenadines,2020,4,135.63,0.0,110593.0
VC,Saint_Vincent_and_the_Grenadines,2020,5,90.42,0.0,110593.0
VC,Saint_Vincent_and_the_Grenadines,2020,6,27.13,0.0,110593.0
VC,Saint_Vincent_and_the_Grenadines,2020,7,207.97,0.0,110593.0
VC,Saint_Vincent_and_the_Grenadines,2020,8,72.34,0.0,110593.0
VC,Saint_Vincent_and_the_Grenadines,2020,9,36.17,0.0,110593.0
VC,Saint_Vincent_and_the_Grenadines,2020,10,90.42,0.0,110593.0
VC,Saint_Vincent_and_the_Grenadines,2020,11,99.46,0.0,110593.0
VC,Saint_Vincent_and_the_Grenadines,2020,12,117.55,0.0,110593.0
VE,Venezuela,2020,3,4.73,0.11,28515829.0
VE,Venezuela,2020,4,6.87,0.25,28515829.0
VE,Venezuela,2020,5,39.56,0.14,28515829.0
VE,Venezuela,2020,6,142.76,1.19,28515829.0
VE,Venezuela,2020,7,432.36,3.86,28515829.0
VE,Venezuela,2020,8,982.23,7.82,28515829.0
VE,Venezuela,2020,9,999.27,8.42,28515829.0
VE,Venezuela,2020,10,604.09,6.03,28515829.0
VE,Venezuela,2020,11,366.5,3.54,28515829.0
VE,Venezuela,2020,12,180.15,1.93,28515829.0
VG,British_Virgin_Islands,2020,3,99.89,0.0,30033.0
VG,British_Virgin_Islands,2020,4,99.89,33.3,30033.0
VG,British_Virgin_Islands,2020,5,66.59,0.0,30033.0
VG,British_Virgin_Islands,2020,6,0.0,0.0,30033.0
VG,British_Virgin_Islands,2020,7,0.0,0.0,30033.0
VG,British_Virgin_Islands,2020,8,965.6,0.0,30033.0
VG,British_Virgin_Islands,2020,9,1132.09,0.0,30033.0
VG,British_Virgin_Islands,2020,10,33.3,0.0,30033.0
VG,British_Virgin_Islands,2020,11,33.3,0.0,30033.0
VG,British_Virgin_Islands,2020,12,99.89,0.0,30033.0
VI,United_States_Virgin_Islands,2020,3,286.86,0.0,104579.0
VI,United_States_Virgin_Islands,2020,4,344.24,38.25,104579.0
VI,United_States_Virgin_Islands,2020,5,28.69,19.12,104579.0
VI,United_States_Virgin_Islands,2020,6,143.43,0.0,104579.0
VI,United_States_Virgin_Islands,2020,7,2878.21,19.12,104579.0
VI,United_States_Virgin_Islands,2020,8,7162.05,57.37,104579.0
VI,United_States_Virgin_Islands,2020,9,1759.44,57.37,104579.0
VI,United_States_Virgin_Islands,2020,10,420.73,9.56,104579.0
VI,United_States_Virgin_Islands,2020,11,1740.31,19.12,104579.0
VI,United_States_Virgin_Islands,2020,12,2514.85,0.0,104579.0
VN,Vietnam,2020,1,0.05,0.0,96462108.0
VN,Vietnam,2020,2,0.11,0.0,96462108.0
VN,Vietnam,2020,3,1.97,0.0,96462108.0
VN,Vietnam,2020,4,0.66,0.0,96462108.0
VN,Vietnam,2020,5,0.59,0.0,96462108.0
VN,Vietnam,2020,6,0.29,0.0,96462108.0
VN,Vietnam,2020,7,1.6,0.0,96462108.0
VN,Vietnam,2020,8,5.5,0.33,96462108.0
VN,Vietnam,2020,9,0.56,0.03,96462108.0
VN,Vietnam,2020,10,0.86,0.0,96462108.0
VN,Vietnam,2020,11,1.72,0.0,96462108.0
VN,Vietnam,2020,12,0.56,0.0,96462108.0
VU,Vanuatu,2020,11,3.33,0.0,299882.0
VU,Vanuatu,2020,12,0.0,0.0,299882.0
XK,Kosovo,2020,3,61.16,0.56,1798506.0
XK,Kosovo,2020,4,388.1,11.12,1798506.0
XK,Kosovo,2020,5,145.68,5.0,1798506.0
XK,Kosovo,2020,6,961.35,10.56,1798506.0
XK,Kosovo,2020,7,2949.67,90.63,1798506.0
XK,Kosovo,2020,8,2907.97,169.03,1798506.0
XK,Kosovo,2020,9,1245.48,60.61,1798506.0
XK,Kosovo,2020,10,2087.29,29.47,1798506.0
XK,Kosovo,2020,11,10969.66,181.82,1798506.0
XK,Kosovo,2020,12,4182.92,107.31,1798506.0
YE,Yemen,2020,4,0.21,0.0,29161922.0
YE,Yemen,2020,5,10.42,2.64,29161922.0
YE,Yemen,2020,6,28.05,7.78,29161922.0
YE,Yemen,2020,7,20.51,6.28,29161922.0
YE,Yemen,2020,8,7.78,2.64,29161922.0
YE,Yemen,2020,9,2.81,0.82,29161922.0
YE,Yemen,2020,10,0.96,0.41,29161922.0
YE,Yemen,2020,11,0.48,0.17,29161922.0
YE,Yemen,2020,12,0.21,0.03,29161922.0
ZA,South_Africa,2020,3,22.64,0.05,58558267.0
ZA,South_Africa,2020,4,68.72,1.71,58558267.0
ZA,South_Africa,2020,5,437.46,9.22,58558267.0
ZA,South_Africa,2020,6,1934.77,32.21,58558267.0
ZA,South_Africa,2020,7,5770.41,90.22,58558267.0
ZA,South_Africa,2020,8,2440.08,106.15,58558267.0
ZA,South_Africa,2020,9,811.43,45.07,58558267.0
ZA,South_Africa,2020,10,872.81,43.77,58558267.0
ZA,South_Africa,2020,11,1093.27,38.37,58558267.0
ZA,South_Africa,2020,12,1251.1,30.72,58558267.0
ZM,Zambia,2020,3,1.96,0.0,17861034.0
ZM,Zambia,2020,4,3.47,0.17,17861034.0
ZM,Zambia,2020,5,53.75,0.22,17861034.0
ZM,Zambia,2020,6,28.61,0.84,17861034.0
ZM,Zambia,2020,7,223.22,7.11,17861034.0
ZM,Zambia,2020,8,362.24,7.73,17861034.0
ZM,Zambia,2020,9,150.61,2.52,17861034.0
ZM,Zambia,2020,10,95.18,0.95,17861034.0
ZM,Zambia,2020,11,66.79,0.45,17861034.0
ZM,Zambia,2020,12,37.29,0.56,17861034.0
ZW,Zimbabwe,2020,3,0.48,0.07,14645473.0
ZW,Zimbabwe,2020,4,1.84,0.2,14645473.0
ZW,Zimbabwe,2020,5,9.56,0.0,14645473.0
ZW,Zimbabwe,2020,6,27.31,0.2,14645473.0
ZW,Zimbabwe,2020,7,171.93,3.14,14645473.0
ZW,Zimbabwe,2020,8,226.69,9.76,14645473.0
ZW,Zimbabwe,2020,9,97.3,2.18,14645473.0
ZW,Zimbabwe,2020,10,35.85,0.96,14645473.0
ZW,Zimbabwe,2020,11,108.43,2.32,14645473.0
ZW,Zimbabwe,2020,12,88.49,2.12,14645473.0
